scene,r\c,c00,c01,c02,c03,c04,c05,c06,c07,c08,c09,c10,c11,c12,c13,c14,c15,c16,c17,c18,c19,c20,c21,c22,c23,c24,c25,c26,c27,c28,c29,c30,c31,c32,c33,c34,c35,c36,c37,c38,c39,c40,c41,c42,c43,c44,c45,c46,c47,c48,c49
dark_forest_paths_false,r00,#050510,#050510,#050510,#050510,#050510,#050510,#050510,#ffffff,#050510,#050510,#050510,#050510,#050510,#050510,#050510,#050510,#050510,#050510,#ffffff,#050510,#050510,#050510,#050510,#050510,#050510,#050510,#050510,#050510,#050510,#ffffff,#050510,#050510,#050510,#050510,#050510,#050510,#050510,#050510,#050510,#050510,#050510,#050510,#050510,#050510,#050510,#050510,#050510,#050510,#050510,#050510
dark_forest_paths_false,r01,#070716,#070716,#ffffff,#070716,#070716,#070716,#070716,#070716,#070716,#ffffff,#070716,#070716,#070716,#070716,#070716,#070716,#070716,#070716,#070716,#070716,#070716,#070716,#070716,#070716,#ffffff,#070716,#070716,#070716,#070716,#070716,#070716,#ffffff,#070716,#070716,#fdf8c8,#fffad0,#fdf8c8,#ffffff,#070716,#070716,#070716,#070716,#070716,#070716,#070716,#070716,#070716,#070716,#070716,#070716
dark_forest_paths_false,r02,#09091c,#09091c,#09091c,#09091c,#09091c,#09091c,#09091c,#09091c,#09091c,#09091c,#09091c,#09091c,#ffffff,#09091c,#09091c,#ffffff,#09091c,#09091c,#09091c,#09091c,#09091c,#09091c,#09091c,#09091c,#09091c,#09091c,#ffffff,#09091c,#09091c,#09091c,#09091c,#09091c,#09091c,#ffffff,#fffad0,#fffad0,#fffad0,#09091c,#09091c,#09091c,#09091c,#09091c,#09091c,#09091c,#09091c,#09091c,#09091c,#09091c,#09091c,#09091c
dark_forest_paths_false,r03,#081806,#0b0b20,#0b0b20,#0b0b20,#081806,#ffffff,#0b0b20,#0b0b20,#0b0b20,#0b0b20,#0b0b20,#0b0b20,#0b0b20,#0b0b20,#0b0b20,#0b0b20,#081806,#0b0b20,#0b0b20,#0b0b20,#081806,#ffffff,#0b0b20,#0b0b20,#081806,#0b0b20,#0b0b20,#0b0b20,#081806,#0b0b20,#0b0b20,#0b0b20,#081806,#0b0b20,#fffad0,#fffad0,#fffad0,#0b0b20,#ffffff,#0b0b20,#0b0b20,#0b0b20,#0b0b20,#0b0b20,#0b0b20,#0b0b20,#0b0b20,#0b0b20,#0b0b20,#0b0b20
dark_forest_paths_false,r04,#0a2008,#0a2008,#0d0d24,#0a2008,#0a2008,#0d0d24,#0a2008,#0a2008,#0d0d24,#0a2008,#0a2008,#0d0d24,#0d0d24,#0a2008,#0a2008,#0d0d24,#0a2008,#0a2008,#0d0d24,#0d0d24,#0a2008,#0a2008,#0d0d24,#0d0d24,#0a2008,#0a2008,#0d0d24,#0d0d24,#0a2008,#0a2008,#0d0d24,#0a2008,#0a2008,#0d0d24,#0a2008,#0a2008,#0d0d24,#0a2008,#0a2008,#0a2008,#0d0d24,#0d0d24,#0d0d24,#0d0d24,#0d0d24,#0d0d24,#0d0d24,#0d0d24,#0d0d24,#0d0d24
dark_forest_paths_false,r05,#0a2008,#0a2008,#0b0b20,#0a2008,#0a2008,#0b0b20,#0a2008,#0a2008,#0b0b20,#0a2008,#0a2008,#0b0b20,#0b0b20,#0a2008,#0a2008,#0b0b20,#0a2008,#0a2008,#0b0b20,#0b0b20,#0a2008,#0a2008,#0b0b20,#0b0b20,#0a2008,#0a2008,#0b0b20,#0b0b20,#0a2008,#0a2008,#0b0b20,#0a2008,#0a2008,#0b0b20,#0a2008,#0a2008,#0b0b20,#0a2008,#0a2008,#0a2008,#0b0b20,#0b0b20,#0b0b20,#0b0b20,#0b0b20,#0b0b20,#0b0b20,#0b0b20,#0b0b20,#0b0b20
dark_forest_paths_false,r06,#0d2b0d,#0d2b0d,#09091c,#0d2b0d,#0d2b0d,#09091c,#0d2b0d,#0d2b0d,#09091c,#0d2b0d,#0d2b0d,#09091c,#09091c,#0d2b0d,#0d2b0d,#09091c,#0d2b0d,#0d2b0d,#09091c,#09091c,#0d2b0d,#0d2b0d,#09091c,#09091c,#0d2b0d,#0d2b0d,#09091c,#09091c,#0d2b0d,#0d2b0d,#09091c,#0d2b0d,#0d2b0d,#09091c,#0d2b0d,#0d2b0d,#09091c,#0d2b0d,#0d2b0d,#0d2b0d,#09091c,#09091c,#09091c,#09091c,#09091c,#09091c,#09091c,#09091c,#09091c,#09091c
dark_forest_paths_false,r07,#0d2b0d,#0d2b0d,#070716,#0d2b0d,#0d2b0d,#070716,#0d2b0d,#0d2b0d,#070716,#0d2b0d,#0d2b0d,#070716,#070716,#0d2b0d,#0d2b0d,#070716,#0d2b0d,#0d2b0d,#070716,#070716,#0d2b0d,#0d2b0d,#070716,#070716,#0d2b0d,#0d2b0d,#070716,#070716,#0d2b0d,#0d2b0d,#070716,#0d2b0d,#0d2b0d,#070716,#0d2b0d,#0d2b0d,#070716,#0d2b0d,#0d2b0d,#0d2b0d,#070716,#070716,#070716,#070716,#070716,#070716,#070716,#070716,#070716,#070716
dark_forest_paths_false,r08,#0d2b0d,#0d2b0d,#050510,#0d2b0d,#0d2b0d,#050510,#0d2b0d,#0d2b0d,#050510,#0d2b0d,#0d2b0d,#050510,#050510,#0d2b0d,#0d2b0d,#050510,#0d2b0d,#0d2b0d,#050510,#050510,#0d2b0d,#0d2b0d,#050510,#050510,#0d2b0d,#0d2b0d,#050510,#050510,#0d2b0d,#0d2b0d,#050510,#0d2b0d,#0d2b0d,#050510,#0d2b0d,#0d2b0d,#050510,#0d2b0d,#0d2b0d,#0d2b0d,#050510,#050510,#050510,#050510,#050510,#050510,#050510,#050510,#050510,#050510
dark_forest_paths_false,r09,#180d00,#180d00,#040410,#180d00,#180d00,#040410,#180d00,#180d00,#040410,#180d00,#180d00,#040410,#040410,#180d00,#180d00,#040410,#180d00,#180d00,#040410,#040410,#180d00,#180d00,#040410,#040410,#180d00,#180d00,#040410,#040410,#180d00,#180d00,#040410,#180d00,#180d00,#040410,#180d00,#180d00,#040410,#180d00,#180d00,#180d00,#040410,#040410,#040410,#040410,#040410,#040410,#040410,#040410,#040410,#040410
dark_forest_paths_false,r10,#180d00,#180d00,#0d1a05,#180d00,#180d00,#0d1a05,#180d00,#180d00,#0d1a05,#180d00,#180d00,#0d1a05,#0d1a05,#180d00,#180d00,#0d1a05,#180d00,#180d00,#0d1a05,#0d1a05,#180d00,#180d00,#0d1a05,#0d1a05,#180d00,#180d00,#0d1a05,#0d1a05,#180d00,#180d00,#0d1a05,#180d00,#180d00,#0d1a05,#180d00,#180d00,#0d1a05,#180d00,#180d00,#180d00,#0d1a05,#0d1a05,#0d1a05,#0d1a05,#0d1a05,#0d1a05,#0d1a05,#0d1a05,#0d1a05,#0d1a05
dark_forest_paths_false,r11,#180d00,#180d00,#0f2006,#180d00,#180d00,#0f2006,#180d00,#180d00,#0f2006,#180d00,#180d00,#0f2006,#0f2006,#180d00,#180d00,#0f2006,#180d00,#180d00,#0f2006,#0f2006,#180d00,#180d00,#0f2006,#0f2006,#180d00,#180d00,#0f2006,#0f2006,#180d00,#180d00,#0f2006,#180d00,#180d00,#0f2006,#180d00,#180d00,#0f2006,#180d00,#180d00,#180d00,#0f2006,#0f2006,#0f2006,#0f2006,#0f2006,#0f2006,#0f2006,#0f2006,#0f2006,#0f2006
dark_forest_paths_false,r12,#112408,#112408,#112408,#112408,#112408,#112408,#112408,#112408,#112408,#112408,#112408,#112408,#112408,#112408,#112408,#112408,#112408,#112408,#112408,#112408,#112408,#112408,#112408,#112408,#112408,#112408,#112408,#112408,#112408,#112408,#112408,#112408,#112408,#112408,#112408,#112408,#112408,#112408,#112408,#112408,#112408,#112408,#112408,#112408,#112408,#112408,#112408,#112408,#112408,#112408
dark_forest_paths_false,r13,#132808,#132808,#132808,#132808,#132808,#132808,#132808,#132808,#132808,#132808,#132808,#132808,#132808,#132808,#132808,#132808,#132808,#132808,#132808,#132808,#132808,#132808,#132808,#132808,#132808,#132808,#132808,#132808,#132808,#132808,#132808,#132808,#132808,#132808,#132808,#132808,#132808,#132808,#132808,#132808,#132808,#132808,#132808,#132808,#132808,#132808,#132808,#132808,#132808,#132808
dark_forest_paths_false,r14,#132808,#132808,#132808,#132808,#132808,#132808,#132808,#132808,#132808,#132808,#132808,#132808,#132808,#132808,#132808,#132808,#132808,#132808,#132808,#132808,#132808,#132808,#132808,#132808,#132808,#132808,#132808,#132808,#132808,#132808,#132808,#132808,#132808,#132808,#132808,#132808,#132808,#132808,#132808,#132808,#132808,#132808,#132808,#132808,#132808,#132808,#132808,#132808,#132808,#132808
dark_forest_paths_false,r15,,,,,,,,,,,,,,,,,,,,,,,,,,,,,,,,,,,,,,,,,,,,,,,,,,
dark_forest_paths_false,r16,,,,,,,,,,,,,,,,,,,,,,,,,,,,,,,,,,,,,,,,,,,,,,,,,,
dark_forest_paths_false,r17,,,,,,,,,,,,,,,,,,,,,,,,,,,,,,,,,,,,,,,,,,,,,,,,,,
dark_forest_paths_false,r18,,,,,,,,,,,,,,,,,,,,,,,,,,,,,,,,,,,,,,,,,,,,,,,,,,
dark_forest_paths_false,r19,,,,,,,,,,,,,,,,,,,,,,,,,,,,,,,,,,,,,,,,,,,,,,,,,,
dark_forest_paths_true,r00,#050510,#050510,#050510,#050510,#050510,#050510,#050510,#ffffff,#050510,#050510,#050510,#050510,#050510,#050510,#050510,#050510,#050510,#050510,#ffffff,#050510,#050510,#050510,#050510,#050510,#050510,#050510,#050510,#050510,#050510,#ffffff,#050510,#050510,#050510,#050510,#050510,#050510,#050510,#050510,#050510,#050510,#050510,#050510,#050510,#050510,#050510,#050510,#050510,#050510,#050510,#050510
dark_forest_paths_true,r01,#070716,#070716,#ffffff,#070716,#070716,#070716,#070716,#070716,#070716,#ffffff,#070716,#070716,#070716,#070716,#070716,#070716,#070716,#070716,#070716,#070716,#070716,#070716,#070716,#070716,#ffffff,#070716,#070716,#070716,#070716,#070716,#070716,#ffffff,#070716,#070716,#fdf8c8,#fffad0,#fdf8c8,#ffffff,#070716,#070716,#070716,#070716,#070716,#070716,#070716,#070716,#070716,#070716,#070716,#070716
dark_forest_paths_true,r02,#09091c,#09091c,#09091c,#09091c,#09091c,#09091c,#09091c,#09091c,#09091c,#09091c,#09091c,#09091c,#ffffff,#09091c,#09091c,#ffffff,#09091c,#09091c,#09091c,#09091c,#09091c,#09091c,#09091c,#09091c,#09091c,#09091c,#ffffff,#09091c,#09091c,#09091c,#09091c,#09091c,#09091c,#ffffff,#fffad0,#fffad0,#fffad0,#09091c,#09091c,#09091c,#09091c,#09091c,#09091c,#09091c,#09091c,#09091c,#09091c,#09091c,#09091c,#09091c
dark_forest_paths_true,r03,#081806,#0b0b20,#0b0b20,#0b0b20,#081806,#ffffff,#0b0b20,#0b0b20,#0b0b20,#0b0b20,#0b0b20,#0b0b20,#0b0b20,#0b0b20,#0b0b20,#0b0b20,#081806,#0b0b20,#0b0b20,#0b0b20,#081806,#ffffff,#0b0b20,#0b0b20,#081806,#0b0b20,#0b0b20,#0b0b20,#081806,#0b0b20,#0b0b20,#0b0b20,#081806,#0b0b20,#fffad0,#fffad0,#fffad0,#0b0b20,#ffffff,#0b0b20,#0b0b20,#0b0b20,#0b0b20,#0b0b20,#0b0b20,#0b0b20,#0b0b20,#0b0b20,#0b0b20,#0b0b20
dark_forest_paths_true,r04,#0a2008,#0a2008,#0d0d24,#0a2008,#0a2008,#0d0d24,#0a2008,#0a2008,#0d0d24,#0a2008,#0a2008,#0d0d24,#0d0d24,#0a2008,#0a2008,#0d0d24,#0a2008,#0a2008,#0d0d24,#0d0d24,#0a2008,#0a2008,#0d0d24,#0d0d24,#0a2008,#0a2008,#0d0d24,#0d0d24,#0a2008,#0a2008,#0d0d24,#0a2008,#0a2008,#0d0d24,#0a2008,#0a2008,#0d0d24,#0a2008,#0a2008,#0a2008,#0d0d24,#0d0d24,#0d0d24,#0d0d24,#0d0d24,#0d0d24,#0d0d24,#0d0d24,#0d0d24,#0d0d24
dark_forest_paths_true,r05,#0a2008,#0a2008,#0b0b20,#0a2008,#0a2008,#0b0b20,#0a2008,#0a2008,#0b0b20,#0a2008,#0a2008,#0b0b20,#0b0b20,#0a2008,#0a2008,#0b0b20,#0a2008,#0a2008,#0b0b20,#0b0b20,#0a2008,#0a2008,#0b0b20,#0b0b20,#0a2008,#0a2008,#0b0b20,#0b0b20,#0a2008,#0a2008,#0b0b20,#0a2008,#0a2008,#0b0b20,#0a2008,#0a2008,#0b0b20,#0a2008,#0a2008,#0a2008,#0b0b20,#0b0b20,#0b0b20,#0b0b20,#0b0b20,#0b0b20,#0b0b20,#0b0b20,#0b0b20,#0b0b20
dark_forest_paths_true,r06,#0d2b0d,#0d2b0d,#09091c,#0d2b0d,#0d2b0d,#09091c,#0d2b0d,#0d2b0d,#09091c,#0d2b0d,#0d2b0d,#09091c,#09091c,#0d2b0d,#0d2b0d,#09091c,#0d2b0d,#0d2b0d,#09091c,#09091c,#0d2b0d,#0d2b0d,#09091c,#09091c,#0d2b0d,#0d2b0d,#09091c,#09091c,#0d2b0d,#0d2b0d,#09091c,#0d2b0d,#0d2b0d,#09091c,#0d2b0d,#0d2b0d,#09091c,#0d2b0d,#0d2b0d,#0d2b0d,#09091c,#09091c,#09091c,#09091c,#09091c,#09091c,#09091c,#09091c,#09091c,#09091c
dark_forest_paths_true,r07,#0d2b0d,#0d2b0d,#070716,#0d2b0d,#0d2b0d,#070716,#0d2b0d,#0d2b0d,#070716,#0d2b0d,#0d2b0d,#070716,#070716,#0d2b0d,#0d2b0d,#070716,#0d2b0d,#0d2b0d,#070716,#070716,#0d2b0d,#0d2b0d,#070716,#070716,#0d2b0d,#0d2b0d,#070716,#070716,#0d2b0d,#0d2b0d,#070716,#0d2b0d,#0d2b0d,#070716,#0d2b0d,#0d2b0d,#070716,#0d2b0d,#0d2b0d,#0d2b0d,#070716,#070716,#070716,#070716,#070716,#070716,#070716,#070716,#070716,#070716
dark_forest_paths_true,r08,#0d2b0d,#0d2b0d,#050510,#0d2b0d,#0d2b0d,#050510,#0d2b0d,#0d2b0d,#050510,#0d2b0d,#0d2b0d,#88cc88,#88cc88,#0d2b0d,#0d2b0d,#050510,#0d2b0d,#0d2b0d,#050510,#050510,#0d2b0d,#0d2b0d,#050510,#050510,#0d2b0d,#0d2b0d,#88cc88,#88cc88,#0d2b0d,#0d2b0d,#050510,#0d2b0d,#0d2b0d,#050510,#0d2b0d,#0d2b0d,#050510,#0d2b0d,#0d2b0d,#0d2b0d,#050510,#050510,#050510,#050510,#050510,#050510,#050510,#050510,#050510,#050510
dark_forest_paths_true,r09,#180d00,#180d00,#040410,#180d00,#180d00,#040410,#180d00,#180d00,#040410,#180d00,#180d00,#1a2a1a,#1a2a1a,#180d00,#180d00,#040410,#180d00,#180d00,#040410,#040410,#180d00,#180d00,#040410,#040410,#180d00,#180d00,#1a2a1a,#1a2a1a,#180d00,#180d00,#040410,#180d00,#180d00,#040410,#180d00,#180d00,#040410,#180d00,#180d00,#180d00,#040410,#040410,#040410,#040410,#040410,#040410,#040410,#040410,#040410,#040410
dark_forest_paths_true,r10,#180d00,#180d00,#0d1a05,#180d00,#180d00,#0d1a05,#180d00,#180d00,#0d1a05,#180d00,#180d00,#1a2a1a,#1a2a1a,#180d00,#180d00,#0d1a05,#180d00,#180d00,#0d1a05,#0d1a05,#180d00,#180d00,#0d1a05,#0d1a05,#180d00,#180d00,#1a2a1a,#1a2a1a,#180d00,#180d00,#0d1a05,#180d00,#180d00,#0d1a05,#180d00,#180d00,#0d1a05,#180d00,#180d00,#180d00,#0d1a05,#0d1a05,#0d1a05,#0d1a05,#0d1a05,#0d1a05,#0d1a05,#0d1a05,#0d1a05,#0d1a05
dark_forest_paths_true,r11,#180d00,#180d00,#0f2006,#180d00,#180d00,#0f2006,#180d00,#180d00,#0f2006,#180d00,#180d00,#1a2a1a,#1a2a1a,#180d00,#180d00,#0f2006,#180d00,#180d00,#0f2006,#0f2006,#180d00,#180d00,#0f2006,#0f2006,#180d00,#180d00,#1a2a1a,#1a2a1a,#180d00,#180d00,#0f2006,#180d00,#180d00,#0f2006,#180d00,#180d00,#0f2006,#180d00,#180d00,#180d00,#0f2006,#0f2006,#0f2006,#0f2006,#0f2006,#0f2006,#0f2006,#0f2006,#0f2006,#0f2006
dark_forest_paths_true,r12,#112408,#112408,#112408,#112408,#112408,#112408,#112408,#112408,#112408,#112408,#112408,#112408,#112408,#112408,#112408,#112408,#112408,#112408,#112408,#112408,#112408,#112408,#112408,#112408,#112408,#112408,#112408,#112408,#112408,#112408,#112408,#112408,#112408,#112408,#112408,#112408,#112408,#112408,#112408,#112408,#112408,#112408,#112408,#112408,#112408,#112408,#112408,#112408,#112408,#112408
dark_forest_paths_true,r13,#132808,#132808,#132808,#132808,#132808,#132808,#132808,#132808,#132808,#132808,#132808,#132808,#132808,#132808,#132808,#132808,#132808,#132808,#132808,#132808,#132808,#132808,#132808,#132808,#132808,#132808,#132808,#132808,#132808,#132808,#132808,#132808,#132808,#132808,#132808,#132808,#132808,#132808,#132808,#132808,#132808,#132808,#132808,#132808,#132808,#132808,#132808,#132808,#132808,#132808
dark_forest_paths_true,r14,#132808,#132808,#132808,#132808,#132808,#132808,#132808,#132808,#132808,#132808,#132808,#132808,#132808,#132808,#132808,#132808,#132808,#132808,#132808,#132808,#132808,#132808,#132808,#132808,#132808,#132808,#132808,#132808,#132808,#132808,#132808,#132808,#132808,#132808,#132808,#132808,#132808,#132808,#132808,#132808,#132808,#132808,#132808,#132808,#132808,#132808,#132808,#132808,#132808,#132808
dark_forest_paths_true,r15,,,,,,,,,,,,,,,,,,,,,,,,,,,,,,,,,,,,,,,,,,,,,,,,,,
dark_forest_paths_true,r16,,,,,,,,,,,,,,,,,,,,,,,,,,,,,,,,,,,,,,,,,,,,,,,,,,
dark_forest_paths_true,r17,,,,,,,,,,,,,,,,,,,,,,,,,,,,,,,,,,,,,,,,,,,,,,,,,,
dark_forest_paths_true,r18,,,,,,,,,,,,,,,,,,,,,,,,,,,,,,,,,,,,,,,,,,,,,,,,,,
dark_forest_paths_true,r19,,,,,,,,,,,,,,,,,,,,,,,,,,,,,,,,,,,,,,,,,,,,,,,,,,
dark_gameover,r00,#0a0506,#0a0506,#0a0506,#0a0506,#0a0506,#0a0506,#0a0506,#0a0506,#0a0506,#0a0506,#0a0506,#0a0506,#0a0506,#0a0506,#0a0506,#0a0506,#0a0506,#0a0506,#0a0506,#0a0506,#0a0506,#0a0506,#0a0506,#0a0506,#0a0506,#0a0506,#0a0506,#0a0506,#0a0506,#0a0506,#0a0506,#0a0506,#0a0506,#0a0506,#0a0506,#0a0506,#0a0506,#0a0506,#0a0506,#0a0506,#0a0506,#0a0506,#0a0506,#0a0506,#0a0506,#0a0506,#0a0506,#0a0506,#0a0506,#0a0506
dark_gameover,r01,#080404,#080404,#080404,#080404,#080404,#080404,#080404,#080404,#080404,#080404,#080404,#080404,#080404,#080404,#080404,#080404,#080404,#080404,#080404,#080404,#080404,#080404,#080404,#080404,#080404,#080404,#080404,#080404,#080404,#080404,#080404,#080404,#080404,#080404,#080404,#080404,#080404,#080404,#080404,#080404,#080404,#080404,#080404,#080404,#080404,#080404,#080404,#080404,#080404,#080404
dark_gameover,r02,#0a0506,#0a0506,#0a0506,#0a0506,#0a0506,#0a0506,#0a0506,#0a0506,#0a0506,#0a0506,#0a0506,#0a0506,#0a0506,#0a0506,#0a0506,#0a0506,#0a0506,#0a0506,#1e0808,#1e0808,#1e0808,#1e0808,#0a0506,#0a0506,#0a0506,#0a0506,#0a0506,#0a0506,#0a0506,#0a0506,#0a0506,#0a0506,#0a0506,#0a0506,#0a0506,#0a0506,#0a0506,#0a0506,#0a0506,#0a0506,#0a0506,#0a0506,#0a0506,#0a0506,#0a0506,#0a0506,#0a0506,#0a0506,#0a0506,#0a0506
dark_gameover,r03,#080404,#0c0606,#1e0808,#1e0808,#0c0606,#1e0808,#080404,#080404,#0c0606,#080404,#080404,#080404,#080404,#0c0606,#080404,#080404,#080404,#080404,#0c0606,#1e0808,#1e0808,#1e0808,#080404,#0c0606,#080404,#080404,#080404,#080404,#0c0606,#080404,#080404,#080404,#080404,#0c0606,#080404,#080404,#080404,#0c0606,#080404,#080404,#080404,#080404,#080404,#080404,#080404,#080404,#080404,#080404,#080404,#080404
dark_gameover,r04,#0a0506,#0c0606,#1e0808,#1e0808,#0c0606,#1e0808,#0a0506,#0a0506,#0c0606,#0a0506,#0a0506,#0a0506,#0a0506,#0c0606,#0a0506,#0a0506,#0a0506,#0a0506,#0c0606,#0a0506,#0a0506,#0a0506,#0a0506,#0c0606,#0a0506,#0a0506,#160606,#160606,#0c0606,#160606,#160606,#0a0506,#0a0506,#0c0606,#0a0506,#0a0506,#0a0506,#0c0606,#0a0506,#0a0506,#0a0506,#0a0506,#0a0506,#0a0506,#0a0506,#0a0506,#0a0506,#0a0506,#0a0506,#0a0506
dark_gameover,r05,#080404,#0e0808,#080404,#080404,#0e0808,#080404,#080404,#080404,#0e0808,#080404,#180606,#180606,#180606,#0e0808,#180606,#080404,#080404,#080404,#0e0808,#080404,#080404,#080404,#080404,#0e0808,#080404,#080404,#160606,#160606,#0e0808,#160606,#160606,#080404,#080404,#0e0808,#080404,#080404,#080404,#0e0808,#080404,#080404,#080404,#080404,#080404,#080404,#080404,#080404,#080404,#080404,#080404,#080404
dark_gameover,r06,#0a0506,#0e0808,#0a0506,#0a0506,#0e0808,#0a0506,#0a0506,#0a0506,#0e0808,#0a0506,#180606,#180606,#180606,#0e0808,#180606,#0a0506,#0a0506,#0a0506,#0e0808,#0a0506,#0a0506,#0a0506,#0a0506,#0e0808,#0a0506,#0a0506,#0a0506,#0a0506,#0e0808,#0a0506,#0a0506,#0a0506,#1e0808,#0e0808,#1e0808,#1e0808,#0a0506,#0e0808,#0a0506,#0a0506,#0a0506,#0a0506,#0a0506,#0a0506,#0a0506,#0a0506,#0a0506,#0a0506,#0a0506,#0a0506
dark_gameover,r07,#080404,#0e0808,#080404,#080404,#0e0808,#080404,#080404,#080404,#0e0808,#080404,#080404,#080404,#080404,#0e0808,#080404,#080404,#080404,#080404,#0e0808,#080404,#080404,#080404,#180606,#0e0808,#180606,#180606,#080404,#080404,#0e0808,#080404,#080404,#080404,#1e0808,#0e0808,#1e0808,#1e0808,#080404,#0e0808,#080404,#080404,#080404,#080404,#080404,#080404,#080404,#080404,#080404,#080404,#080404,#080404
dark_gameover,r08,#0a0506,#0e0808,#0a0506,#0a0506,#0e0808,#0a0506,#180606,#180606,#0e0808,#180606,#0a0506,#0a0506,#0a0506,#0e0808,#0a0506,#0a0506,#0a0506,#0a0506,#0e0808,#0a0506,#0a0506,#0a0506,#180606,#0e0808,#180606,#180606,#0a0506,#0a0506,#0e0808,#0a0506,#0a0506,#0a0506,#0a0506,#0e0808,#0a0506,#0a0506,#0a0506,#0e0808,#0a0506,#0a0506,#0a0506,#0a0506,#0a0506,#0a0506,#0a0506,#0a0506,#0a0506,#0a0506,#0a0506,#0a0506
dark_gameover,r09,#080404,#0e0808,#080404,#080404,#0e0808,#080404,#180606,#180606,#0e0808,#180606,#080404,#080404,#080404,#0e0808,#1c0808,#1c0808,#1c0808,#1c0808,#0e0808,#080404,#080404,#080404,#080404,#0e0808,#080404,#080404,#080404,#080404,#0e0808,#080404,#1e0808,#1e0808,#1e0808,#0e0808,#080404,#080404,#080404,#0e0808,#080404,#080404,#080404,#080404,#080404,#080404,#080404,#080404,#080404,#080404,#080404,#080404
dark_gameover,r10,#0a0506,#0e0808,#0a0506,#0a0506,#0e0808,#0a0506,#0a0506,#0a0506,#0e0808,#0a0506,#0a0506,#0a0506,#0a0506,#0e0808,#1c0808,#1c0808,#1c0808,#1c0808,#0e0808,#0a0506,#0a0506,#0a0506,#0a0506,#0e0808,#0a0506,#0a0506,#0a0506,#0a0506,#0e0808,#0a0506,#1e0808,#1e0808,#1e0808,#0e0808,#0a0506,#0a0506,#0a0506,#0e0808,#0a0506,#0a0506,#0a0506,#0a0506,#0a0506,#0a0506,#0a0506,#0a0506,#0a0506,#0a0506,#0a0506,#0a0506
dark_gameover,r11,#080404,#0e0808,#080404,#080404,#0e0808,#080404,#080404,#080404,#0e0808,#080404,#080404,#080404,#080404,#0e0808,#080404,#080404,#080404,#080404,#0e0808,#080404,#080404,#080404,#080404,#0e0808,#080404,#080404,#080404,#080404,#0e0808,#080404,#080404,#080404,#080404,#0e0808,#080404,#080404,#080404,#0e0808,#080404,#080404,#080404,#080404,#080404,#080404,#080404,#080404,#080404,#080404,#080404,#080404
dark_gameover,r12,#0a0506,#0a0506,#0a0506,#0a0506,#0a0506,#0a0506,#0a0506,#0a0506,#0a0506,#0a0506,#0a0506,#0a0506,#0a0506,#0a0506,#0a0506,#0a0506,#0a0506,#0a0506,#0a0506,#0a0506,#0a0506,#0a0506,#0a0506,#0a0506,#0a0506,#0a0506,#0a0506,#0a0506,#0a0506,#0a0506,#0a0506,#0a0506,#0a0506,#0a0506,#0a0506,#0a0506,#0a0506,#0a0506,#0a0506,#0a0506,#0a0506,#0a0506,#0a0506,#0a0506,#0a0506,#0a0506,#0a0506,#0a0506,#0a0506,#0a0506
dark_gameover,r13,#080404,#080404,#080404,#080404,#080404,#080404,#080404,#080404,#080404,#080404,#080404,#080404,#080404,#080404,#080404,#080404,#080404,#080404,#080404,#080404,#080404,#080404,#080404,#080404,#080404,#080404,#080404,#080404,#080404,#080404,#080404,#080404,#080404,#080404,#080404,#080404,#080404,#080404,#080404,#080404,#080404,#080404,#080404,#080404,#080404,#080404,#080404,#080404,#080404,#080404
dark_gameover,r14,#0a0506,#0a0506,#0a0506,#0a0506,#0a0506,#0a0506,#0a0506,#0a0506,#0a0506,#0a0506,#0a0506,#0a0506,#0a0506,#0a0506,#0a0506,#0a0506,#0a0506,#0a0506,#0a0506,#0a0506,#0a0506,#0a0506,#0a0506,#0a0506,#0a0506,#0a0506,#0a0506,#0a0506,#0a0506,#0a0506,#0a0506,#0a0506,#0a0506,#0a0506,#0a0506,#0a0506,#0a0506,#0a0506,#0a0506,#0a0506,#0a0506,#0a0506,#0a0506,#0a0506,#0a0506,#0a0506,#0a0506,#0a0506,#0a0506,#0a0506
dark_gameover,r15,#080404,#080404,#080404,#080404,#080404,#080404,#080404,#080404,#080404,#080404,#080404,#080404,#080404,#080404,#080404,#080404,#080404,#080404,#080404,#080404,#080404,#080404,#080404,#080404,#080404,#080404,#080404,#080404,#080404,#080404,#080404,#080404,#080404,#080404,#080404,#080404,#080404,#080404,#080404,#080404,#080404,#080404,#080404,#080404,#080404,#080404,#080404,#080404,#080404,#080404
dark_gameover,r16,#0a0506,#0a0506,#0a0506,#0a0506,#0a0506,#0a0506,#0a0506,#0a0506,#0a0506,#0a0506,#0a0506,#0a0506,#0a0506,#0a0506,#0a0506,#0a0506,#0a0506,#0a0506,#0a0506,#0a0506,#0a0506,#0a0506,#0a0506,#0a0506,#0a0506,#0a0506,#0a0506,#0a0506,#0a0506,#0a0506,#0a0506,#0a0506,#0a0506,#0a0506,#0a0506,#0a0506,#0a0506,#0a0506,#0a0506,#0a0506,#0a0506,#0a0506,#0a0506,#0a0506,#0a0506,#0a0506,#0a0506,#0a0506,#0a0506,#0a0506
dark_gameover,r17,#080404,#080404,#080404,#080404,#080404,#080404,#080404,#080404,#080404,#080404,#080404,#080404,#080404,#080404,#080404,#080404,#080404,#080404,#080404,#080404,#080404,#080404,#080404,#080404,#080404,#080404,#080404,#080404,#080404,#080404,#080404,#080404,#080404,#080404,#080404,#080404,#080404,#080404,#080404,#080404,#080404,#080404,#080404,#080404,#080404,#080404,#080404,#080404,#080404,#080404
dark_gameover,r18,#0a0506,#0a0506,#0a0506,#0a0506,#0a0506,#0a0506,#0a0506,#0a0506,#0a0506,#0a0506,#0a0506,#0a0506,#0a0506,#0a0506,#0a0506,#0a0506,#0a0506,#0a0506,#0a0506,#0a0506,#0a0506,#0a0506,#0a0506,#0a0506,#0a0506,#0a0506,#0a0506,#0a0506,#0a0506,#0a0506,#0a0506,#0a0506,#0a0506,#0a0506,#0a0506,#0a0506,#0a0506,#0a0506,#0a0506,#0a0506,#0a0506,#0a0506,#0a0506,#0a0506,#0a0506,#0a0506,#0a0506,#0a0506,#0a0506,#0a0506
dark_gameover,r19,#080404,#080404,#080404,#080404,#080404,#080404,#080404,#080404,#080404,#080404,#080404,#080404,#080404,#080404,#080404,#080404,#080404,#080404,#080404,#080404,#080404,#080404,#080404,#080404,#080404,#080404,#080404,#080404,#080404,#080404,#080404,#080404,#080404,#080404,#080404,#080404,#080404,#080404,#080404,#080404,#080404,#080404,#080404,#080404,#080404,#080404,#080404,#080404,#080404,#080404
fairy_realm,r00,#5a2060,#5a2060,#5a2060,#5a2060,#5a2060,#5a2060,#2a1a4a,#2a1a4a,#2a1a4a,#ffffff,#2a1a4a,#2a1a4a,#2a1a4a,#2a1a4a,#2a1a4a,#2a1a4a,#2040a0,#2040a0,#2040a0,#2040a0,#2040a0,#2a1a4a,#2a1a4a,#2a1a4a,#2a1a4a,#2a1a4a,#2a1a4a,#2a1a4a,#2a1a4a,#2a1a4a,#2a1a4a,#2a1a4a,#2a1a4a,#ffffff,#402080,#402080,#402080,#402080,#2a1a4a,#2a1a4a,#2a1a4a,#2a1a4a,#2a1a4a,#2a1a4a,#2a1a4a,#2a1a4a,#2a1a4a,#2a1a4a,#2a1a4a,#2a1a4a
fairy_realm,r01,#5a2060,#5a2060,#5a2060,#5a2060,#5a2060,#5a2060,#3a1a5a,#ffffff,#603080,#603080,#603080,#603080,#603080,#3a1a5a,#3a1a5a,#3a1a5a,#2040a0,#2040a0,#2040a0,#2040a0,#2040a0,#ffffff,#3a1a5a,#3a1a5a,#206080,#206080,#206080,#206080,#206080,#ffffff,#3a1a5a,#3a1a5a,#3a1a5a,#402080,#402080,#402080,#402080,#402080,#3a1a5a,#3a1a5a,#3a1a5a,#3a1a5a,#3a1a5a,#3a1a5a,#3a1a5a,#3a1a5a,#3a1a5a,#3a1a5a,#3a1a5a,#3a1a5a
fairy_realm,r02,#4a2a6a,#4a2a6a,#4a2a6a,#ffffff,#4a2a6a,#4a2a6a,#4a2a6a,#4a2a6a,#603080,#603080,#603080,#603080,#603080,#4a2a6a,#4a2a6a,#4a2a6a,#4a2a6a,#ffffff,#4a2a6a,#4a2a6a,#4a2a6a,#4a2a6a,#4a2a6a,#4a2a6a,#206080,#206080,#206080,#ffffff,#206080,#206080,#4a2a6a,#4a2a6a,#4a2a6a,#4a2a6a,#4a2a6a,#4a2a6a,#4a2a6a,#4a2a6a,#4a2a6a,#4a2a6a,#4a2a6a,#4a2a6a,#4a2a6a,#4a2a6a,#4a2a6a,#4a2a6a,#4a2a6a,#4a2a6a,#4a2a6a,#4a2a6a
fairy_realm,r03,#5a2a7a,#5a2a7a,#803060,#803060,#803060,#803060,#5a2a7a,#5a2a7a,#5a2a7a,#5a2a7a,#5a2a7a,#5a2a7a,#6040a0,#6040a0,#6040a0,#ffffff,#6040a0,#5a2a7a,#ffccff,#5a2a7a,#5a2a7a,#4060a0,#ffccff,#ffffff,#4060a0,#5a2a7a,#5a2a7a,#5a2a7a,#5a2a7a,#5a2a7a,#603080,#603080,#603080,#603080,#603080,#5a2a7a,#ffffff,#5a2a7a,#ffffff,#5a2a7a,#5a2a7a,#5a2a7a,#5a2a7a,#5a2a7a,#5a2a7a,#5a2a7a,#5a2a7a,#5a2a7a,#5a2a7a,#5a2a7a
fairy_realm,r04,#4a1a6a,#4a1a6a,#803060,#803060,#ffffff,#803060,#4a1a6a,#4a1a6a,#4a1a6a,#4a1a6a,#4a1a6a,#4a1a6a,#6040a0,#6040a0,#6040a0,#6040a0,#6040a0,#4a1a6a,#4a1a6a,#4a1a6a,#4a1a6a,#4060a0,#ffff88,#4060a0,#ffff88,#4a1a6a,#4a1a6a,#4a1a6a,#ffffff,#4a1a6a,#603080,#603080,#603080,#603080,#603080,#4a1a6a,#4a1a6a,#4a1a6a,#4a1a6a,#4a1a6a,#4a1a6a,#4a1a6a,#4a1a6a,#4a1a6a,#4a1a6a,#4a1a6a,#4a1a6a,#4a1a6a,#4a1a6a,#4a1a6a
fairy_realm,r05,#802060,#802060,#802060,#3a1858,#3a1858,#3a1858,#ffffff,#3a1858,#3a1858,#3a1858,#3a1858,#3a1858,#3a1858,#3a1858,#3a1858,#3a1858,#ffffff,#ffaadd,#3a1858,#3a1858,#ffddee,#406080,#406080,#ffff88,#406080,#ffffff,#3a1858,#3a1858,#3a1858,#3a1858,#3a1858,#3a1858,#3a1858,#3a1858,#3a1858,#3a1858,#3a1858,#3a1858,#603060,#603060,#3a1858,#3a1858,#3a1858,#3a1858,#3a1858,#3a1858,#3a1858,#3a1858,#3a1858,#3a1858
fairy_realm,r06,#802060,#802060,#802060,#2a1448,#2a1448,#2a1448,#2a1448,#2a1448,#2a1448,#604080,#604080,#604080,#604080,#ffffff,#2a1448,#2a1448,#2a1448,#2a1448,#ff88cc,#2a1448,#ffddee,#406080,#ff88cc,#406080,#406080,#2a1448,#2a1448,#2a1448,#2a1448,#2a1448,#802040,#802040,#802040,#802040,#2a1448,#2a1448,#ffffff,#2a1448,#603060,#603060,#2a1448,#2a1448,#2a1448,#2a1448,#2a1448,#2a1448,#2a1448,#2a1448,#2a1448,#2a1448
fairy_realm,r07,#1a0a38,#1a0a38,#1a0a38,#1a0a38,#1a0a38,#1a0a38,#1a0a38,#1a0a38,#1a0a38,#604080,#604080,#604080,#604080,#1a0a38,#1a0a38,#1a0a38,#ffccff,#1a0a38,#1a0a38,#1a0a38,#ffddee,#1a0a38,#1a0a38,#1a0a38,#ffccff,#1a0a38,#1a0a38,#1a0a38,#1a0a38,#1a0a38,#802040,#802040,#802040,#802040,#1a0a38,#1a0a38,#1a0a38,#1a0a38,#1a0a38,#1a0a38,#1a0a38,#1a0a38,#1a0a38,#1a0a38,#1a0a38,#1a0a38,#1a0a38,#1a0a38,#1a0a38,#1a0a38
fairy_realm,r08,#1e1040,#ffffff,#1e1040,#1e1040,#1e1040,#1e1040,#1e1040,#1e1040,#1e1040,#1e1040,#1e1040,#1e1040,#1e1040,#1e1040,#1e1040,#1e1040,#1e1040,#1e1040,#1e1040,#ffd0c8,#ffddee,#ffd0c8,#1e1040,#ffffff,#1e1040,#1e1040,#1e1040,#1e1040,#1e1040,#1e1040,#1e1040,#1e1040,#1e1040,#1e1040,#1e1040,#1e1040,#1e1040,#1e1040,#1e1040,#1e1040,#1e1040,#1e1040,#1e1040,#1e1040,#1e1040,#1e1040,#1e1040,#1e1040,#1e1040,#1e1040
fairy_realm,r09,#22104a,#22104a,#22104a,#22104a,#22104a,#22104a,#22104a,#22104a,#22104a,#22104a,#22104a,#ffffff,#22104a,#22104a,#22104a,#ffccff,#22104a,#22104a,#22104a,#22104a,#22104a,#22104a,#22104a,#22104a,#22104a,#ffccff,#22104a,#22104a,#22104a,#22104a,#22104a,#22104a,#22104a,#22104a,#22104a,#ffffff,#22104a,#22104a,#22104a,#22104a,#22104a,#22104a,#22104a,#22104a,#22104a,#22104a,#22104a,#22104a,#22104a,#22104a
fairy_realm,r10,#1a0e3e,#1a0e3e,#1a0e3e,#1a0e3e,#1a0e3e,#1a0e3e,#1a0e3e,#1a0e3e,#1a0e3e,#1a0e3e,#1a0e3e,#1a0e3e,#1a0e3e,#1a0e3e,#1a0e3e,#1a0e3e,#1a0e3e,#1a0e3e,#1a0e3e,#1a0e3e,#1a0e3e,#1a0e3e,#1a0e3e,#1a0e3e,#1a0e3e,#1a0e3e,#1a0e3e,#1a0e3e,#1a0e3e,#1a0e3e,#1a0e3e,#1a0e3e,#1a0e3e,#1a0e3e,#1a0e3e,#1a0e3e,#1a0e3e,#1a0e3e,#1a0e3e,#1a0e3e,#1a0e3e,#1a0e3e,#1a0e3e,#1a0e3e,#1a0e3e,#1a0e3e,#1a0e3e,#1a0e3e,#1a0e3e,#1a0e3e
fairy_realm,r11,#66ee99,#2a6a3a,#66ee99,#2a6a3a,#66ee99,#2a6a3a,#66ee99,#2a6a3a,#66ee99,#2a6a3a,#66ee99,#2a6a3a,#66ee99,#2a6a3a,#66ee99,#2a6a3a,#66ee99,#ffccff,#66ee99,#2a6a3a,#66ee99,#2a6a3a,#66ee99,#ffccff,#66ee99,#2a6a3a,#66ee99,#2a6a3a,#66ee99,#2a6a3a,#66ee99,#2a6a3a,#66ee99,#2a6a3a,#66ee99,#2a6a3a,#66ee99,#2a6a3a,#66ee99,#2a6a3a,#66ee99,#2a6a3a,#66ee99,#2a6a3a,#66ee99,#2a6a3a,#66ee99,#2a6a3a,#66ee99,#2a6a3a
fairy_realm,r12,#1a4a2a,#1a4a2a,#1a4a2a,#1a4a2a,#1a4a2a,#1a4a2a,#1a4a2a,#1a4a2a,#1a4a2a,#1a4a2a,#1a4a2a,#1a4a2a,#1a4a2a,#1a4a2a,#1a4a2a,#1a4a2a,#1a4a2a,#1a4a2a,#1a4a2a,#1a4a2a,#1a4a2a,#1a4a2a,#1a4a2a,#1a4a2a,#1a4a2a,#1a4a2a,#1a4a2a,#1a4a2a,#1a4a2a,#1a4a2a,#1a4a2a,#1a4a2a,#1a4a2a,#1a4a2a,#1a4a2a,#1a4a2a,#1a4a2a,#1a4a2a,#1a4a2a,#1a4a2a,#1a4a2a,#1a4a2a,#1a4a2a,#1a4a2a,#1a4a2a,#1a4a2a,#1a4a2a,#1a4a2a,#1a4a2a,#1a4a2a
fairy_realm,r13,#1a4a2a,#1a4a2a,#1a4a2a,#1a4a2a,#1a4a2a,#1a4a2a,#1a4a2a,#1a4a2a,#1a4a2a,#1a4a2a,#1a4a2a,#1a4a2a,#1a4a2a,#1a4a2a,#1a4a2a,#1a4a2a,#1a4a2a,#1a4a2a,#1a4a2a,#1a4a2a,#1a4a2a,#1a4a2a,#1a4a2a,#1a4a2a,#1a4a2a,#1a4a2a,#1a4a2a,#1a4a2a,#1a4a2a,#1a4a2a,#1a4a2a,#1a4a2a,#1a4a2a,#1a4a2a,#1a4a2a,#1a4a2a,#1a4a2a,#1a4a2a,#1a4a2a,#1a4a2a,#1a4a2a,#1a4a2a,#1a4a2a,#1a4a2a,#1a4a2a,#1a4a2a,#1a4a2a,#1a4a2a,#1a4a2a,#1a4a2a
fairy_realm,r14,#1a4a2a,#1a4a2a,#1a4a2a,#1a4a2a,#1a4a2a,#1a4a2a,#1a4a2a,#1a4a2a,#1a4a2a,#1a4a2a,#1a4a2a,#1a4a2a,#1a4a2a,#1a4a2a,#1a4a2a,#1a4a2a,#1a4a2a,#1a4a2a,#1a4a2a,#1a4a2a,#1a4a2a,#1a4a2a,#1a4a2a,#1a4a2a,#1a4a2a,#1a4a2a,#1a4a2a,#1a4a2a,#1a4a2a,#1a4a2a,#1a4a2a,#1a4a2a,#1a4a2a,#1a4a2a,#1a4a2a,#1a4a2a,#1a4a2a,#1a4a2a,#1a4a2a,#1a4a2a,#1a4a2a,#1a4a2a,#1a4a2a,#1a4a2a,#1a4a2a,#1a4a2a,#1a4a2a,#1a4a2a,#1a4a2a,#1a4a2a
fairy_realm,r15,,,,,,,,,,,,,,,,,,,,,,,,,,,,,,,,,,,,,,,,,,,,,,,,,,
fairy_realm,r16,,,,,,,,,,,,,,,,,,,,,,,,,,,,,,,,,,,,,,,,,,,,,,,,,,
fairy_realm,r17,,,,,,,,,,,,,,,,,,,,,,,,,,,,,,,,,,,,,,,,,,,,,,,,,,
fairy_realm,r18,,,,,,,,,,,,,,,,,,,,,,,,,,,,,,,,,,,,,,,,,,,,,,,,,,
fairy_realm,r19,,,,,,,,,,,,,,,,,,,,,,,,,,,,,,,,,,,,,,,,,,,,,,,,,,
misty_field,r00,#c8d4dc,#c8d4dc,#c8d4dc,#c8d4dc,#c8d4dc,#c8d4dc,#c8d4dc,#c8d4dc,#c8d4dc,#c8d4dc,#c8d4dc,#c8d4dc,#c8d4dc,#c8d4dc,#c8d4dc,#c8d4dc,#c8d4dc,#c8d4dc,#c8d4dc,#c8d4dc,#c8d4dc,#c8d4dc,#c8d4dc,#c8d4dc,#c8d4dc,#c8d4dc,#c8d4dc,#c8d4dc,#c8d4dc,#c8d4dc,#c8d4dc,#c8d4dc,#c8d4dc,#c8d4dc,#c8d4dc,#c8d4dc,#c8d4dc,#c8d4dc,#c8d4dc,#c8d4dc,#c8d4dc,#c8d4dc,#c8d4dc,#c8d4dc,#c8d4dc,#c8d4dc,#c8d4dc,#c8d4dc,#c8d4dc,#c8d4dc
misty_field,r01,#bfccd6,#bfccd6,#bfccd6,#bfccd6,#bfccd6,#bfccd6,#bfccd6,#bfccd6,#bfccd6,#bfccd6,#bfccd6,#bfccd6,#bfccd6,#bfccd6,#bfccd6,#bfccd6,#bfccd6,#bfccd6,#bfccd6,#bfccd6,#bfccd6,#bfccd6,#bfccd6,#bfccd6,#bfccd6,#bfccd6,#bfccd6,#bfccd6,#bfccd6,#bfccd6,#bfccd6,#bfccd6,#bfccd6,#bfccd6,#bfccd6,#bfccd6,#bfccd6,#bfccd6,#bfccd6,#bfccd6,#bfccd6,#bfccd6,#bfccd6,#bfccd6,#bfccd6,#bfccd6,#bfccd6,#bfccd6,#bfccd6,#bfccd6
misty_field,r02,#b8c8d2,#b8c8d2,#b8c8d2,#b8c8d2,#b8c8d2,#b8c8d2,#b8c8d2,#b8c8d2,#b8c8d2,#b8c8d2,#b8c8d2,#b8c8d2,#b8c8d2,#b8c8d2,#b8c8d2,#b8c8d2,#b8c8d2,#b8c8d2,#b8c8d2,#b8c8d2,#b8c8d2,#b8c8d2,#b8c8d2,#b8c8d2,#b8c8d2,#b8c8d2,#b8c8d2,#b8c8d2,#b8c8d2,#b8c8d2,#b8c8d2,#b8c8d2,#b8c8d2,#b8c8d2,#b8c8d2,#b8c8d2,#b8c8d2,#b8c8d2,#b8c8d2,#b8c8d2,#b8c8d2,#b8c8d2,#b8c8d2,#b8c8d2,#b8c8d2,#b8c8d2,#b8c8d2,#b8c8d2,#b8c8d2,#b8c8d2
misty_field,r03,#c0cdd8,#c0cdd8,#c0cdd8,#c0cdd8,#c0cdd8,#c0cdd8,#c0cdd8,#c0cdd8,#c0cdd8,#c0cdd8,#c0cdd8,#c0cdd8,#c0cdd8,#c0cdd8,#c0cdd8,#c0cdd8,#c0cdd8,#c0cdd8,#c0cdd8,#c0cdd8,#c0cdd8,#c0cdd8,#c0cdd8,#c0cdd8,#c0cdd8,#c0cdd8,#c0cdd8,#c0cdd8,#c0cdd8,#c0cdd8,#c0cdd8,#c0cdd8,#c0cdd8,#c0cdd8,#c0cdd8,#c0cdd8,#c0cdd8,#c0cdd8,#c0cdd8,#c0cdd8,#c0cdd8,#c0cdd8,#c0cdd8,#c0cdd8,#c0cdd8,#c0cdd8,#c0cdd8,#c0cdd8,#c0cdd8,#c0cdd8
misty_field,r04,#c8d4dc,#c8d4dc,#c8d4dc,#c8d4dc,#c8d4dc,#c8d4dc,#c8d4dc,#c8d4dc,#c8d4dc,#c8d4dc,#c8d4dc,#c8d4dc,#c8d4dc,#c8d4dc,#c8d4dc,#c8d4dc,#c8d4dc,#c8d4dc,#c8d4dc,#c8d4dc,#c8d4dc,#c8d4dc,#c8d4dc,#c8d4dc,#c8d4dc,#c8d4dc,#c8d4dc,#c8d4dc,#c8d4dc,#c8d4dc,#c8d4dc,#c8d4dc,#c8d4dc,#c8d4dc,#c8d4dc,#c8d4dc,#c8d4dc,#c8d4dc,#c8d4dc,#c8d4dc,#c8d4dc,#c8d4dc,#c8d4dc,#c8d4dc,#c8d4dc,#c8d4dc,#c8d4dc,#c8d4dc,#c8d4dc,#c8d4dc
misty_field,r05,#d0dce4,#d0dce4,#d0dce4,#d0dce4,#d0dce4,#d0dce4,#d0dce4,#d0dce4,#d0dce4,#d0dce4,#d0dce4,#d0dce4,#d0dce4,#d0dce4,#d0dce4,#d0dce4,#d0dce4,#d0dce4,#d0dce4,#d0dce4,#d0dce4,#d0dce4,#d0dce4,#d0dce4,#d0dce4,#d0dce4,#d0dce4,#d0dce4,#d0dce4,#d0dce4,#d0dce4,#d0dce4,#d0dce4,#d0dce4,#d0dce4,#d0dce4,#d0dce4,#d0dce4,#d0dce4,#d0dce4,#d0dce4,#d0dce4,#d0dce4,#d0dce4,#d0dce4,#d0dce4,#d0dce4,#d0dce4,#d0dce4,#d0dce4
misty_field,r06,#b8c8d2,#b8c8d2,#b8c8d2,#2a4a18,#2a4a18,#2a4a18,#2a4a18,#2a4a18,#2a4a18,#b8c8d2,#b8c8d2,#b8c8d2,#2a4a18,#2a4a18,#2a4a18,#2a4a18,#2a4a18,#2a4a18,#2a4a18,#cc2222,#ffffff,#cc2222,#2a4a18,#2a4a18,#2a4a18,#2a4a18,#2a4a18,#2a4a18,#b8c8d2,#b8c8d2,#b8c8d2,#2a4a18,#2a4a18,#2a4a18,#2a4a18,#2a4a18,#2a4a18,#b8c8d2,#b8c8d2,#b8c8d2,#2a4a18,#2a4a18,#2a4a18,#2a4a18,#2a4a18,#2a4a18,#2a4a18,#2a4a18,#2a4a18,#2a4a18
misty_field,r07,#c0ccd4,#c0ccd4,#c0ccd4,#2d5020,#2d5020,#2d5020,#2d5020,#2d5020,#2d5020,#c0ccd4,#c0ccd4,#c0ccd4,#2d5020,#2d5020,#2d5020,#2d5020,#dd3333,#ffffff,#dd3333,#2d5020,#e8dcc8,#2d5020,#dd3333,#ffffff,#dd3333,#2d5020,#2d5020,#2d5020,#c0ccd4,#c0ccd4,#c0ccd4,#2d5020,#2d5020,#2d5020,#2d5020,#2d5020,#2d5020,#c0ccd4,#c0ccd4,#c0ccd4,#2d5020,#2d5020,#2d5020,#2d5020,#2d5020,#2d5020,#2d5020,#2d5020,#2d5020,#2d5020
misty_field,r08,#305525,#305525,#305525,#305525,#305525,#305525,#305525,#305525,#305525,#305525,#305525,#305525,#305525,#305525,#305525,#305525,#305525,#e8dcc8,#305525,#305525,#a8f0c0,#305525,#305525,#e8dcc8,#305525,#305525,#305525,#305525,#305525,#305525,#305525,#305525,#305525,#305525,#305525,#305525,#305525,#305525,#305525,#305525,#305525,#305525,#305525,#305525,#305525,#305525,#305525,#305525,#305525,#305525
misty_field,r09,#325828,#325828,#325828,#325828,#325828,#325828,#325828,#325828,#325828,#325828,#325828,#325828,#325828,#325828,#bb1f1f,#ffffff,#bb1f1f,#a8f0c0,#70e0a8,#70e0a8,#70e0a8,#70e0a8,#70e0a8,#a8f0c0,#cc2222,#ffffff,#cc2222,#325828,#325828,#325828,#325828,#325828,#325828,#325828,#325828,#325828,#325828,#325828,#325828,#325828,#325828,#325828,#325828,#325828,#325828,#325828,#325828,#325828,#325828,#325828
misty_field,r10,#345a2a,#345a2a,#345a2a,#345a2a,#345a2a,#345a2a,#345a2a,#345a2a,#345a2a,#345a2a,#345a2a,#345a2a,#345a2a,#345a2a,#345a2a,#e8dcc8,#70e0a8,#70e0a8,#345a2a,#345a2a,#345a2a,#345a2a,#345a2a,#70e0a8,#70e0a8,#e8dcc8,#345a2a,#345a2a,#345a2a,#345a2a,#345a2a,#345a2a,#345a2a,#345a2a,#345a2a,#345a2a,#345a2a,#345a2a,#345a2a,#345a2a,#345a2a,#345a2a,#345a2a,#345a2a,#345a2a,#345a2a,#345a2a,#345a2a,#345a2a,#345a2a
misty_field,r11,#365c2c,#365c2c,#365c2c,#365c2c,#365c2c,#365c2c,#365c2c,#365c2c,#365c2c,#365c2c,#365c2c,#365c2c,#365c2c,#365c2c,#365c2c,#a8f0c0,#cc2222,#ffffff,#cc2222,#365c2c,#365c2c,#365c2c,#bb1f1f,#ffffff,#bb1f1f,#a8f0c0,#365c2c,#365c2c,#365c2c,#365c2c,#365c2c,#365c2c,#365c2c,#365c2c,#365c2c,#365c2c,#365c2c,#365c2c,#365c2c,#365c2c,#365c2c,#365c2c,#365c2c,#365c2c,#365c2c,#365c2c,#365c2c,#365c2c,#365c2c,#365c2c
misty_field,r12,#2d5020,#2d5020,#2d5020,#2d5020,#2d5020,#2d5020,#2d5020,#2d5020,#2d5020,#2d5020,#2d5020,#2d5020,#2d5020,#2d5020,#2d5020,#2d5020,#70e0a8,#e8dcc8,#2d5020,#dd3333,#ffffff,#dd3333,#2d5020,#e8dcc8,#70e0a8,#2d5020,#2d5020,#2d5020,#2d5020,#2d5020,#2d5020,#2d5020,#2d5020,#2d5020,#2d5020,#2d5020,#2d5020,#2d5020,#2d5020,#2d5020,#2d5020,#2d5020,#2d5020,#2d5020,#2d5020,#2d5020,#2d5020,#2d5020,#2d5020,#2d5020
misty_field,r13,#2a4a18,#2a4a18,#2a4a18,#2a4a18,#2a4a18,#2a4a18,#2a4a18,#2a4a18,#2a4a18,#2a4a18,#2a4a18,#2a4a18,#2a4a18,#2a4a18,#2a4a18,#2a4a18,#2a4a18,#a8f0c0,#70e0a8,#70e0a8,#e8dcc8,#70e0a8,#70e0a8,#a8f0c0,#2a4a18,#2a4a18,#2a4a18,#2a4a18,#2a4a18,#2a4a18,#2a4a18,#2a4a18,#2a4a18,#2a4a18,#2a4a18,#2a4a18,#2a4a18,#2a4a18,#2a4a18,#2a4a18,#2a4a18,#2a4a18,#2a4a18,#2a4a18,#2a4a18,#2a4a18,#2a4a18,#2a4a18,#2a4a18,#2a4a18
misty_field,r14,#284518,#284518,#284518,#284518,#284518,#284518,#284518,#284518,#284518,#284518,#284518,#284518,#284518,#284518,#284518,#284518,#284518,#284518,#284518,#284518,#a8f0c0,#284518,#284518,#284518,#284518,#284518,#284518,#284518,#284518,#284518,#284518,#284518,#284518,#284518,#284518,#284518,#284518,#284518,#284518,#284518,#284518,#284518,#284518,#284518,#284518,#284518,#284518,#284518,#284518,#284518
misty_field,r15,,,,,,,,,,,,,,,,,,,,,,,,,,,,,,,,,,,,,,,,,,,,,,,,,,
misty_field,r16,,,,,,,,,,,,,,,,,,,,,,,,,,,,,,,,,,,,,,,,,,,,,,,,,,
misty_field,r17,,,,,,,,,,,,,,,,,,,,,,,,,,,,,,,,,,,,,,,,,,,,,,,,,,
misty_field,r18,,,,,,,,,,,,,,,,,,,,,,,,,,,,,,,,,,,,,,,,,,,,,,,,,,
misty_field,r19,,,,,,,,,,,,,,,,,,,,,,,,,,,,,,,,,,,,,,,,,,,,,,,,,,
river_bridge,r00,#4a7ab8,#4a7ab8,#4a7ab8,#4a7ab8,#4a7ab8,#4a7ab8,#f0f4ff,#f0f4ff,#4a7ab8,#4a7ab8,#4a7ab8,#4a7ab8,#4a7ab8,#4a7ab8,#4a7ab8,#4a7ab8,#4a7ab8,#4a7ab8,#4a7ab8,#4a7ab8,#4a7ab8,#4a7ab8,#4a7ab8,#4a7ab8,#4a7ab8,#4a7ab8,#4a7ab8,#4a7ab8,#4a7ab8,#4a7ab8,#4a7ab8,#4a7ab8,#4a7ab8,#4a7ab8,#4a7ab8,#4a7ab8,#4a7ab8,#4a7ab8,#4a7ab8,#4a7ab8,#4a7ab8,#4a7ab8,#4a7ab8,#4a7ab8,#4a7ab8,#4a7ab8,#4a7ab8,#4a7ab8,#4a7ab8,#4a7ab8
river_bridge,r01,#5588c4,#5588c4,#5588c4,#5588c4,#5588c4,#f0f4ff,#f0f4ff,#f0f4ff,#f0f4ff,#5588c4,#5588c4,#5588c4,#5588c4,#5588c4,#5588c4,#5588c4,#5588c4,#5588c4,#5588c4,#5588c4,#5588c4,#5588c4,#f0f4ff,#5588c4,#5588c4,#5588c4,#5588c4,#5588c4,#5588c4,#5588c4,#5588c4,#5588c4,#5588c4,#5588c4,#5588c4,#5588c4,#5588c4,#5588c4,#5588c4,#5588c4,#5588c4,#5588c4,#5588c4,#5588c4,#5588c4,#5588c4,#5588c4,#5588c4,#5588c4,#5588c4
river_bridge,r02,#5e90cc,#5e90cc,#5e90cc,#5e90cc,#5e90cc,#5e90cc,#5e90cc,#5e90cc,#5e90cc,#5e90cc,#5e90cc,#5e90cc,#5e90cc,#5e90cc,#5e90cc,#5e90cc,#5e90cc,#5e90cc,#5e90cc,#5e90cc,#5e90cc,#f0f4ff,#f0f4ff,#f0f4ff,#5e90cc,#5e90cc,#5e90cc,#5e90cc,#5e90cc,#5e90cc,#5e90cc,#5e90cc,#5e90cc,#5e90cc,#5e90cc,#5e90cc,#5e90cc,#5e90cc,#5e90cc,#5e90cc,#5e90cc,#5e90cc,#5e90cc,#5e90cc,#5e90cc,#5e90cc,#5e90cc,#5e90cc,#5e90cc,#5e90cc
river_bridge,r03,#6698d4,#6698d4,#6698d4,#6698d4,#6698d4,#6698d4,#6698d4,#6698d4,#6698d4,#6698d4,#6698d4,#6698d4,#6698d4,#6698d4,#6698d4,#6698d4,#6698d4,#6698d4,#6698d4,#6698d4,#6698d4,#6698d4,#6698d4,#6698d4,#6698d4,#6698d4,#6698d4,#6698d4,#6698d4,#6698d4,#6698d4,#6698d4,#6698d4,#6698d4,#6698d4,#6698d4,#6698d4,#6698d4,#6698d4,#6698d4,#6698d4,#6698d4,#6698d4,#6698d4,#6698d4,#6698d4,#6698d4,#6698d4,#6698d4,#6698d4
river_bridge,r04,#6ea0d8,#6ea0d8,#6ea0d8,#6ea0d8,#6ea0d8,#6ea0d8,#6ea0d8,#6ea0d8,#6ea0d8,#6ea0d8,#6ea0d8,#6ea0d8,#6ea0d8,#6ea0d8,#6ea0d8,#6ea0d8,#6ea0d8,#6ea0d8,#6ea0d8,#6ea0d8,#6ea0d8,#6ea0d8,#6ea0d8,#6ea0d8,#6ea0d8,#6ea0d8,#6ea0d8,#6ea0d8,#6ea0d8,#6ea0d8,#6ea0d8,#6ea0d8,#6ea0d8,#6ea0d8,#6ea0d8,#6ea0d8,#6ea0d8,#6ea0d8,#6ea0d8,#6ea0d8,#6ea0d8,#6ea0d8,#6ea0d8,#6ea0d8,#6ea0d8,#6ea0d8,#6ea0d8,#6ea0d8,#6ea0d8,#6ea0d8
river_bridge,r05,#5a8a2a,#5a8a2a,#5a8a2a,#5a8a2a,#5a8a2a,#5a8a2a,#5a8a2a,#5a8a2a,#5a8a2a,#5a8a2a,#5a8a2a,#5a8a2a,#c0b0a0,#1a6aaf,#c0b0a0,#1a6aaf,#c0b0a0,#1a6aaf,#c0b0a0,#1a6aaf,#c0b0a0,#1a6aaf,#c0b0a0,#1a6aaf,#c0b0a0,#1a6aaf,#c0b0a0,#5a8a2a,#5a8a2a,#5a8a2a,#5a8a2a,#5a8a2a,#5a8a2a,#5a8a2a,#5a8a2a,#5a8a2a,#5a8a2a,#5a8a2a,#5a8a2a,#5a8a2a,,,,,,,,,,
river_bridge,r06,#5a8a2a,#5a8a2a,#5a8a2a,#5a8a2a,#5a8a2a,#5a8a2a,#5a8a2a,#5a8a2a,#5a8a2a,#5a8a2a,#5a8a2a,#5a8a2a,#8a7a6a,#b0a090,#b0a090,#b0a090,#8a7a6a,#b0a090,#b0a090,#b0a090,#8a7a6a,#b0a090,#b0a090,#b0a090,#8a7a6a,#b0a090,#b0a090,#b0a090,#5a8a2a,#5a8a2a,#5a8a2a,#5a8a2a,#5a8a2a,#5a8a2a,#5a8a2a,#5a8a2a,#5a8a2a,#5a8a2a,#5a8a2a,#5a8a2a,,,,,,,,,,
river_bridge,r07,#8b6914,#8b6914,#8b6914,#8b6914,#8b6914,#8b6914,#8b6914,#8b6914,#8b6914,#8b6914,#8b6914,#8b6914,#8a7a6a,#9a8a7a,#9a8a7a,#9a8a7a,#8a7a6a,#9a8a7a,#9a8a7a,#9a8a7a,#8a7a6a,#9a8a7a,#9a8a7a,#9a8a7a,#8a7a6a,#9a8a7a,#9a8a7a,#9a8a7a,#8b6914,#8b6914,#8b6914,#8b6914,#8b6914,#8b6914,#8b6914,#8b6914,#8b6914,#8b6914,#8b6914,#8b6914,,,,,,,,,,
river_bridge,r08,#8b6914,#8b6914,#8b6914,#8b6914,#8b6914,#8b6914,#8b6914,#8b6914,#8b6914,#8b6914,#8b6914,#8b6914,#7a6a5a,#7a6a5a,#1e72b8,#1e72b8,#1e72b8,#1e72b8,#1e72b8,#1e72b8,#1e72b8,#1e72b8,#1e72b8,#1e72b8,#1e72b8,#88ccff,#7a6a5a,#7a6a5a,#8b6914,#8b6914,#8b6914,#8b6914,#8b6914,#8b6914,#8b6914,#8b6914,#8b6914,#8b6914,#8b6914,#8b6914,,,,,,,,,,
river_bridge,r09,#8b6914,#8b6914,#8b6914,#8b6914,#8b6914,#8b6914,#8b6914,#8b6914,#8b6914,#8b6914,#8b6914,#8b6914,#7a6a5a,#7a6a5a,#1a6aaf,#1a6aaf,#1a6aaf,#1a6aaf,#88ccff,#1a6aaf,#1a6aaf,#1a6aaf,#1a6aaf,#1a6aaf,#88ccff,#1a6aaf,#7a6a5a,#7a6a5a,#8b6914,#8b6914,#8b6914,#8b6914,#8b6914,#8b6914,#8b6914,#8b6914,#8b6914,#8b6914,#8b6914,#8b6914,,,,,,,,,,
river_bridge,r10,#8b6914,#8b6914,#8b6914,#8b6914,#8b6914,#8b6914,#8b6914,#8b6914,#8b6914,#8b6914,#8b6914,#8b6914,#7a6a5a,#7a6a5a,#1868ab,#1868ab,#1868ab,#1868ab,#1868ab,#1868ab,#1868ab,#1868ab,#1868ab,#1868ab,#1868ab,#1868ab,#7a6a5a,#7a6a5a,#8b6914,#8b6914,#8b6914,#8b6914,#8b6914,#8b6914,#8b6914,#8b6914,#8b6914,#8b6914,#8b6914,#8b6914,,,,,,,,,,
river_bridge,r11,#8b6914,#8b6914,#8b6914,#8b6914,#8b6914,#8b6914,#8b6914,#8b6914,#8b6914,#8b6914,#8b6914,#8b6914,#7a6a5a,#7a6a5a,#1664a6,#1664a6,#88ccff,#1664a6,#1664a6,#1664a6,#1664a6,#1664a6,#1664a6,#1664a6,#1664a6,#1664a6,#7a6a5a,#7a6a5a,#8b6914,#8b6914,#8b6914,#8b6914,#8b6914,#8b6914,#8b6914,#8b6914,#8b6914,#8b6914,#8b6914,#8b6914,,,,,,,,,,
river_bridge,r12,#8b6914,#8b6914,#8b6914,#8b6914,#8b6914,#8b6914,#8b6914,#8b6914,#8b6914,#8b6914,#8b6914,#8b6914,#7a6a5a,#7a6a5a,#1460a0,#1460a0,#1460a0,#1460a0,#1460a0,#1460a0,#1460a0,#1460a0,#88ccff,#1460a0,#1460a0,#1460a0,#7a6a5a,#7a6a5a,#8b6914,#8b6914,#8b6914,#8b6914,#8b6914,#8b6914,#8b6914,#8b6914,#8b6914,#8b6914,#8b6914,#8b6914,,,,,,,,,,
river_bridge,r13,#8b6914,#8b6914,#8b6914,#8b6914,#8b6914,#8b6914,#8b6914,#8b6914,#8b6914,#8b6914,#8b6914,#8b6914,#7a6a5a,#7a6a5a,#125c9a,#125c9a,#125c9a,#125c9a,#125c9a,#88ccff,#125c9a,#125c9a,#125c9a,#125c9a,#125c9a,#125c9a,#7a6a5a,#7a6a5a,#8b6914,#8b6914,#8b6914,#8b6914,#8b6914,#8b6914,#8b6914,#8b6914,#8b6914,#8b6914,#8b6914,#8b6914,,,,,,,,,,
river_bridge,r14,#8b6914,#8b6914,#8b6914,#8b6914,#8b6914,#8b6914,#8b6914,#8b6914,#8b6914,#8b6914,#8b6914,#8b6914,#8b6914,#185aa0,#185aa0,#185aa0,#185aa0,#185aa0,#185aa0,#185aa0,#185aa0,#185aa0,#185aa0,#185aa0,#185aa0,#185aa0,#185aa0,#8b6914,#8b6914,#8b6914,#8b6914,#8b6914,#8b6914,#8b6914,#8b6914,#8b6914,#8b6914,#8b6914,#8b6914,#8b6914,,,,,,,,,,
river_bridge,r15,,,,,,,,,,,,,,,,,,,,,,,,,,,,,,,,,,,,,,,,,,,,,,,,,,
river_bridge,r16,,,,,,,,,,,,,,,,,,,,,,,,,,,,,,,,,,,,,,,,,,,,,,,,,,
river_bridge,r17,,,,,,,,,,,,,,,,,,,,,,,,,,,,,,,,,,,,,,,,,,,,,,,,,,
river_bridge,r18,,,,,,,,,,,,,,,,,,,,,,,,,,,,,,,,,,,,,,,,,,,,,,,,,,
river_bridge,r19,,,,,,,,,,,,,,,,,,,,,,,,,,,,,,,,,,,,,,,,,,,,,,,,,,
silver_potion,r00,#06050f,#06050f,#06050f,#06050f,#06050f,#06050f,#06050f,#06050f,#06050f,#06050f,#06050f,#06050f,#06050f,#06050f,#06050f,#06050f,#06050f,#06050f,#06050f,#06050f,#06050f,#06050f,#06050f,#06050f,#06050f,#06050f,#06050f,#06050f,#06050f,#06050f,#06050f,#06050f,#06050f,#06050f,#06050f,#06050f,#06050f,#06050f,#06050f,#06050f,#06050f,#06050f,#06050f,#06050f,#06050f,#06050f,#06050f,#06050f,#06050f,#06050f
silver_potion,r01,#07060e,#07060e,#07060e,#07060e,#07060e,#07060e,#07060e,#07060e,#07060e,#07060e,#07060e,#07060e,#07060e,#07060e,#07060e,#07060e,#07060e,#07060e,#07060e,#07060e,#07060e,#07060e,#07060e,#07060e,#07060e,#07060e,#07060e,#07060e,#07060e,#07060e,#07060e,#07060e,#07060e,#07060e,#07060e,#07060e,#07060e,#07060e,#07060e,#07060e,#07060e,#07060e,#07060e,#07060e,#07060e,#07060e,#07060e,#07060e,#07060e,#07060e
silver_potion,r02,#08070d,#08070d,#08070d,#08070d,#08070d,#5860a8,#08070d,#08070d,#08070d,#08070d,#08070d,#08070d,#08070d,#08070d,#08070d,#08070d,#08070d,#08070d,#08070d,#08070d,#08070d,#08070d,#08070d,#08070d,#08070d,#08070d,#08070d,#08070d,#08070d,#08070d,#08070d,#08070d,#08070d,#08070d,#08070d,#5860a8,#08070d,#08070d,#08070d,#08070d,#08070d,#08070d,#08070d,#08070d,#08070d,#08070d,#08070d,#08070d,#08070d,#08070d
silver_potion,r03,#06050f,#06050f,#06050f,#06050f,#06050f,#06050f,#06050f,#06050f,#06050f,#06050f,#06050f,#06050f,#06050f,#b0b8e8,#06050f,#06050f,#ffffff,#06050f,#06050f,#b89868,#d8b888,#b89868,#06050f,#06050f,#ffffff,#06050f,#06050f,#b0b8e8,#06050f,#06050f,#06050f,#06050f,#06050f,#06050f,#06050f,#06050f,#06050f,#06050f,#06050f,#06050f,#06050f,#06050f,#06050f,#06050f,#06050f,#06050f,#06050f,#06050f,#06050f,#06050f
silver_potion,r04,#07060e,#07060e,#07060e,#07060e,#07060e,#07060e,#07060e,#07060e,#7078c0,#07060e,#07060e,#07060e,#07060e,#07060e,#07060e,#ffffff,#ffffff,#ffffff,#200830,#c8a878,#c8a878,#c8a878,#200830,#ffffff,#ffffff,#ffffff,#07060e,#07060e,#07060e,#07060e,#07060e,#07060e,#7078c0,#07060e,#07060e,#07060e,#07060e,#07060e,#07060e,#07060e,#07060e,#07060e,#07060e,#07060e,#07060e,#07060e,#07060e,#07060e,#07060e,#07060e
silver_potion,r05,#08070d,#08070d,#08070d,#08070d,#08070d,#08070d,#08070d,#08070d,#08070d,#08070d,#08070d,#08070d,#a8b0e0,#08070d,#2a1040,#ffffff,#ffffff,#2a1040,#2a1040,#aab4c8,#ccd4e4,#aab4c8,#2a1040,#2a1040,#ffffff,#ffffff,#08070d,#08070d,#a8b0e0,#08070d,#08070d,#08070d,#08070d,#08070d,#08070d,#08070d,#08070d,#08070d,#08070d,#08070d,#08070d,#08070d,#08070d,#08070d,#08070d,#08070d,#08070d,#08070d,#08070d,#08070d
silver_potion,r06,#06050f,#06050f,#06050f,#06050f,#06050f,#06050f,#06050f,#06050f,#06050f,#06050f,#06050f,#06050f,#06050f,#301848,#ffffff,#e0e8ff,#ffffff,#301848,#301848,#ccd4e4,#ccd4e4,#ccd4e4,#301848,#301848,#ffffff,#e0e8ff,#ffffff,#06050f,#06050f,#06050f,#06050f,#06050f,#06050f,#06050f,#06050f,#06050f,#06050f,#06050f,#06050f,#06050f,#06050f,#06050f,#06050f,#06050f,#06050f,#06050f,#06050f,#06050f,#06050f,#06050f
silver_potion,r07,#07060e,#07060e,#07060e,#07060e,#07060e,#07060e,#6068b0,#07060e,#07060e,#07060e,#07060e,#07060e,#1e1240,#1e1240,#1e1240,#ffffff,#1e1240,#8890a8,#d8e0f0,#b8c0d8,#b8c0d8,#b8c0d8,#b8c0d8,#8890a8,#1e1240,#ffffff,#1e1240,#1e1240,#07060e,#07060e,#07060e,#07060e,#07060e,#07060e,#6068b0,#07060e,#07060e,#07060e,#07060e,#07060e,#07060e,#07060e,#07060e,#07060e,#07060e,#07060e,#07060e,#07060e,#07060e,#07060e
silver_potion,r08,#08070d,#08070d,#08070d,#08070d,#08070d,#08070d,#08070d,#08070d,#08070d,#08070d,#08070d,#9098d0,#1c1038,#1c1038,#c8d0f0,#1c1038,#1c1038,#8890a8,#707890,#707890,#707890,#707890,#707890,#8890a8,#1c1038,#1c1038,#c8d0f0,#1c1038,#08070d,#9098d0,#08070d,#08070d,#08070d,#08070d,#08070d,#08070d,#08070d,#08070d,#08070d,#08070d,#08070d,#08070d,#08070d,#08070d,#08070d,#08070d,#08070d,#08070d,#08070d,#08070d
silver_potion,r09,#06050f,#06050f,#06050f,#06050f,#5058a0,#06050f,#06050f,#06050f,#06050f,#06050f,#06050f,#06050f,#1e1240,#1e1240,#1e1240,#1e1240,#1e1240,#8890a8,#dde5f5,#dde5f5,#dde5f5,#dde5f5,#dde5f5,#8890a8,#1e1240,#1e1240,#1e1240,#1e1240,#06050f,#06050f,#06050f,#06050f,#06050f,#06050f,#06050f,#06050f,#5058a0,#06050f,#06050f,#06050f,#06050f,#06050f,#06050f,#06050f,#06050f,#06050f,#06050f,#06050f,#06050f,#06050f
silver_potion,r10,#07060e,#07060e,#07060e,#07060e,#07060e,#07060e,#6068b0,#07060e,#07060e,#07060e,#07060e,#07060e,#07060e,#2a1848,#d0d8f0,#2a1848,#2a1848,#8890a8,#ccd4e8,#ccd4e8,#e0eaff,#ccd4e8,#ccd4e8,#8890a8,#2a1848,#2a1848,#d0d8f0,#07060e,#07060e,#07060e,#07060e,#07060e,#07060e,#07060e,#6068b0,#07060e,#07060e,#07060e,#07060e,#07060e,#07060e,#07060e,#07060e,#07060e,#07060e,#07060e,#07060e,#07060e,#07060e,#07060e
silver_potion,r11,#08070d,#08070d,#08070d,#08070d,#08070d,#08070d,#08070d,#08070d,#08070d,#08070d,#08070d,#9898d0,#08070d,#08070d,#220e38,#220e38,#220e38,#8890a8,#ccd4e8,#ccd4e8,#d8e2f8,#ccd4e8,#ccd4e8,#8890a8,#220e38,#220e38,#08070d,#08070d,#08070d,#9898d0,#08070d,#08070d,#08070d,#08070d,#08070d,#08070d,#08070d,#08070d,#08070d,#08070d,#08070d,#08070d,#08070d,#08070d,#08070d,#08070d,#08070d,#08070d,#08070d,#08070d
silver_potion,r12,#06050f,#06050f,#06050f,#4858a0,#06050f,#06050f,#06050f,#06050f,#06050f,#06050f,#06050f,#06050f,#06050f,#06050f,#06050f,#dce4ff,#180830,#ffffff,#8890a8,#8890a8,#8890a8,#8890a8,#8890a8,#ffffff,#180830,#dce4ff,#06050f,#06050f,#06050f,#06050f,#06050f,#06050f,#06050f,#06050f,#06050f,#06050f,#06050f,#4858a0,#06050f,#06050f,#06050f,#06050f,#06050f,#06050f,#06050f,#06050f,#06050f,#06050f,#06050f,#06050f
silver_potion,r13,#07060e,#07060e,#07060e,#07060e,#07060e,#07060e,#07060e,#6870b8,#07060e,#07060e,#07060e,#07060e,#a0a8e0,#07060e,#07060e,#07060e,#ffffff,#d0d8f0,#ffffff,#07060e,#07060e,#07060e,#ffffff,#d0d8f0,#ffffff,#07060e,#07060e,#07060e,#a0a8e0,#07060e,#07060e,#07060e,#07060e,#6870b8,#07060e,#07060e,#07060e,#07060e,#07060e,#07060e,#07060e,#07060e,#07060e,#07060e,#07060e,#07060e,#07060e,#07060e,#07060e,#07060e
silver_potion,r14,#08070d,#08070d,#08070d,#08070d,#08070d,#08070d,#08070d,#08070d,#08070d,#08070d,#08070d,#08070d,#08070d,#a8b0e0,#08070d,#08070d,#08070d,#ffffff,#08070d,#08070d,#08070d,#08070d,#08070d,#ffffff,#08070d,#08070d,#08070d,#a8b0e0,#08070d,#08070d,#08070d,#08070d,#08070d,#08070d,#08070d,#08070d,#08070d,#08070d,#08070d,#08070d,#08070d,#08070d,#08070d,#08070d,#08070d,#08070d,#08070d,#08070d,#08070d,#08070d
silver_potion,r15,#06050f,#06050f,#06050f,#06050f,#06050f,#06050f,#06050f,#06050f,#06050f,#06050f,#06050f,#06050f,#06050f,#06050f,#06050f,#06050f,#06050f,#06050f,#06050f,#06050f,#06050f,#06050f,#06050f,#06050f,#06050f,#06050f,#06050f,#06050f,#06050f,#06050f,#06050f,#06050f,#06050f,#06050f,#06050f,#06050f,#06050f,#06050f,#06050f,#06050f,#06050f,#06050f,#06050f,#06050f,#06050f,#06050f,#06050f,#06050f,#06050f,#06050f
silver_potion,r16,#07060e,#07060e,#07060e,#07060e,#07060e,#07060e,#07060e,#07060e,#07060e,#07060e,#07060e,#07060e,#07060e,#07060e,#07060e,#07060e,#07060e,#07060e,#07060e,#07060e,#07060e,#07060e,#07060e,#07060e,#07060e,#07060e,#07060e,#07060e,#07060e,#07060e,#07060e,#07060e,#07060e,#07060e,#07060e,#07060e,#07060e,#07060e,#07060e,#07060e,#07060e,#07060e,#07060e,#07060e,#07060e,#07060e,#07060e,#07060e,#07060e,#07060e
silver_potion,r17,#08070d,#08070d,#08070d,#08070d,#08070d,#08070d,#08070d,#08070d,#08070d,#08070d,#08070d,#08070d,#08070d,#08070d,#08070d,#08070d,#08070d,#08070d,#08070d,#08070d,#08070d,#08070d,#08070d,#08070d,#08070d,#08070d,#08070d,#08070d,#08070d,#08070d,#08070d,#08070d,#08070d,#08070d,#08070d,#08070d,#08070d,#08070d,#08070d,#08070d,#08070d,#08070d,#08070d,#08070d,#08070d,#08070d,#08070d,#08070d,#08070d,#08070d
silver_potion,r18,#06050f,#06050f,#06050f,#06050f,#06050f,#06050f,#06050f,#06050f,#06050f,#06050f,#06050f,#06050f,#06050f,#06050f,#06050f,#06050f,#06050f,#06050f,#06050f,#06050f,#06050f,#06050f,#06050f,#06050f,#06050f,#06050f,#06050f,#06050f,#06050f,#06050f,#06050f,#06050f,#06050f,#06050f,#06050f,#06050f,#06050f,#06050f,#06050f,#06050f,#06050f,#06050f,#06050f,#06050f,#06050f,#06050f,#06050f,#06050f,#06050f,#06050f
silver_potion,r19,#07060e,#07060e,#07060e,#07060e,#07060e,#07060e,#07060e,#07060e,#07060e,#07060e,#07060e,#07060e,#07060e,#07060e,#07060e,#07060e,#07060e,#07060e,#07060e,#07060e,#07060e,#07060e,#07060e,#07060e,#07060e,#07060e,#07060e,#07060e,#07060e,#07060e,#07060e,#07060e,#07060e,#07060e,#07060e,#07060e,#07060e,#07060e,#07060e,#07060e,#07060e,#07060e,#07060e,#07060e,#07060e,#07060e,#07060e,#07060e,#07060e,#07060e
swept_away,r00,#0a4a8a,#0a4a8a,#0a4a8a,#ffffff,#c8e8ff,#ffffff,#c8e8ff,#ffffff,#0a4a8a,#0a4a8a,#0a4a8a,#0a4a8a,#0a4a8a,#0a4a8a,#0a4a8a,#0a4a8a,#0a4a8a,#0a4a8a,#0a4a8a,#0a4a8a,#0a4a8a,#0a4a8a,#ffffff,#c8e8ff,#ffffff,#c8e8ff,#ffffff,#c8e8ff,#0a4a8a,#0a4a8a,#0a4a8a,#0a4a8a,#0a4a8a,#0a4a8a,#0a4a8a,#0a4a8a,#0a4a8a,#0a4a8a,#0a4a8a,#0a4a8a,#0a4a8a,#0a4a8a,#0a4a8a,#0a4a8a,#0a4a8a,#0a4a8a,#0a4a8a,#0a4a8a,#0a4a8a,#0a4a8a
swept_away,r01,#0d5298,#0d5298,#0d5298,#0d5298,#0d5298,#0d5298,#0d5298,#0d5298,#0d5298,#ffffff,#c8e8ff,#ffffff,#c8e8ff,#ffffff,#c8e8ff,#0d5298,#0d5298,#0d5298,#0d5298,#0d5298,#0d5298,#0d5298,#0d5298,#0d5298,#3a2a1a,#3a2a1a,#0d5298,#0d5298,#0d5298,#0d5298,#0d5298,#0d5298,#0d5298,#0d5298,#0d5298,#0d5298,#ffffff,#c8e8ff,#ffffff,#c8e8ff,#0d5298,#0d5298,#0d5298,#0d5298,#0d5298,#0d5298,#0d5298,#0d5298,#0d5298,#0d5298
swept_away,r02,#ffffff,#c8e8ff,#ffffff,#c8e8ff,#ffffff,#c8e8ff,#ffffff,#1058a0,#1058a0,#1058a0,#1058a0,#1058a0,#1058a0,#1058a0,#1058a0,#1058a0,#1058a0,#3a2a1a,#3a2a1a,#3a2a1a,#1058a0,#1058a0,#1058a0,#1058a0,#1058a0,#1058a0,#1058a0,#1058a0,#1058a0,#1058a0,#ffffff,#c8e8ff,#ffffff,#c8e8ff,#ffffff,#1058a0,#1058a0,#1058a0,#1058a0,#1058a0,#1058a0,#1058a0,#1058a0,#1058a0,#1058a0,#1058a0,#1058a0,#1058a0,#1058a0,#1058a0
swept_away,r03,#0d52a0,#0d52a0,#0d52a0,#0d52a0,#0d52a0,#3a2a1a,#3a2a1a,#0d52a0,#0d52a0,#0d52a0,#0d52a0,#0d52a0,#0d52a0,#0d52a0,#0d52a0,#0d52a0,#0d52a0,#ffffff,#c8e8ff,#ffffff,#c8e8ff,#0d52a0,#aaddff,#0d52a0,#aaddff,#0d52a0,#0d52a0,#0d52a0,#0d52a0,#0d52a0,#0d52a0,#0d52a0,#0d52a0,#0d52a0,#0d52a0,#0d52a0,#0d52a0,#0d52a0,#0d52a0,#0d52a0,#0d52a0,#0d52a0,#0d52a0,#0d52a0,#0d52a0,#0d52a0,#0d52a0,#0d52a0,#0d52a0,#0d52a0
swept_away,r04,#0a4a8a,#0a4a8a,#0a4a8a,#0a4a8a,#0a4a8a,#0a4a8a,#0a4a8a,#0a4a8a,#0a4a8a,#0a4a8a,#0a4a8a,#0a4a8a,#0a4a8a,#ffffff,#c8e8ff,#ffffff,#c8e8ff,#ffffff,#c8e8ff,#0a4a8a,#0a4a8a,#aaddff,#0a4a8a,#2a1a0a,#0a4a8a,#0a4a8a,#0a4a8a,#0a4a8a,#0a4a8a,#0a4a8a,#0a4a8a,#0a4a8a,#0a4a8a,#0a4a8a,#0a4a8a,#0a4a8a,#0a4a8a,#0a4a8a,#0a4a8a,#0a4a8a,#0a4a8a,#0a4a8a,#0a4a8a,#0a4a8a,#0a4a8a,#0a4a8a,#0a4a8a,#0a4a8a,#0a4a8a,#0a4a8a
swept_away,r05,#084480,#ffffff,#c8e8ff,#ffffff,#c8e8ff,#ffffff,#084480,#084480,#084480,#084480,#084480,#084480,#084480,#084480,#084480,#084480,#084480,#084480,#084480,#084480,#084480,#084480,#2a1a0a,#2a1a0a,#084480,#aaddff,#c8e8ff,#ffffff,#c8e8ff,#3a2a1a,#3a2a1a,#ffffff,#084480,#084480,#084480,#084480,#084480,#084480,#084480,#084480,#084480,#084480,#084480,#084480,#084480,#084480,#084480,#084480,#084480,#084480
swept_away,r06,#0a4a8a,#0a4a8a,#0a4a8a,#0a4a8a,#0a4a8a,#0a4a8a,#0a4a8a,#ffffff,#c8e8ff,#ffffff,#c8e8ff,#0a4a8a,#0a4a8a,#0a4a8a,#0a4a8a,#0a4a8a,#0a4a8a,#0a4a8a,#0a4a8a,#0a4a8a,#aaddff,#2a1a0a,#2a1a0a,#0a4a8a,#2a1a0a,#0a4a8a,#0a4a8a,#0a4a8a,#0a4a8a,#0a4a8a,#0a4a8a,#0a4a8a,#0a4a8a,#ffffff,#c8e8ff,#ffffff,#c8e8ff,#0a4a8a,#0a4a8a,#0a4a8a,#0a4a8a,#0a4a8a,#0a4a8a,#0a4a8a,#0a4a8a,#0a4a8a,#0a4a8a,#0a4a8a,#0a4a8a,#0a4a8a
swept_away,r07,#0c5090,#0c5090,#0c5090,#0c5090,#0c5090,#0c5090,#0c5090,#0c5090,#0c5090,#0c5090,#0c5090,#0c5090,#0c5090,#0c5090,#0c5090,#0c5090,#0c5090,#0c5090,#0c5090,#ffffff,#c8e8ff,#ffffff,#2a1a0a,#2a1a0a,#0c5090,#aaddff,#0c5090,#0c5090,#0c5090,#0c5090,#0c5090,#0c5090,#0c5090,#0c5090,#0c5090,#0c5090,#0c5090,#0c5090,#3a2a1a,#3a2a1a,#0c5090,#0c5090,#0c5090,#0c5090,#0c5090,#0c5090,#0c5090,#0c5090,#0c5090,#0c5090
swept_away,r08,#0e5498,#0e5498,#0e5498,#0e5498,#0e5498,#0e5498,#0e5498,#0e5498,#0e5498,#0e5498,#0e5498,#3a2a1a,#3a2a1a,#0e5498,#0e5498,#ffffff,#c8e8ff,#ffffff,#c8e8ff,#ffffff,#c8e8ff,#2a1a0a,#0e5498,#0e5498,#2a1a0a,#0e5498,#0e5498,#0e5498,#0e5498,#0e5498,#0e5498,#0e5498,#0e5498,#0e5498,#0e5498,#0e5498,#0e5498,#0e5498,#0e5498,#0e5498,#0e5498,#0e5498,#0e5498,#0e5498,#0e5498,#0e5498,#0e5498,#0e5498,#0e5498,#0e5498
swept_away,r09,#1058a2,#1058a2,#ffffff,#c8e8ff,#ffffff,#c8e8ff,#ffffff,#c8e8ff,#1058a2,#1058a2,#1058a2,#1058a2,#1058a2,#1058a2,#1058a2,#1058a2,#1058a2,#1058a2,#1058a2,#1058a2,#1058a2,#1058a2,#aaddff,#1058a2,#aaddff,#1058a2,#1058a2,#1058a2,#ffffff,#c8e8ff,#ffffff,#c8e8ff,#ffffff,#c8e8ff,#1058a2,#1058a2,#1058a2,#1058a2,#1058a2,#1058a2,#1058a2,#1058a2,#1058a2,#1058a2,#1058a2,#1058a2,#1058a2,#1058a2,#1058a2,#1058a2
swept_away,r10,#0c5090,#0c5090,#0c5090,#0c5090,#0c5090,#0c5090,#0c5090,#0c5090,#ffffff,#c8e8ff,#ffffff,#c8e8ff,#ffffff,#0c5090,#0c5090,#0c5090,#0c5090,#0c5090,#0c5090,#0c5090,#0c5090,#0c5090,#0c5090,#0c5090,#0c5090,#0c5090,#0c5090,#0c5090,#0c5090,#0c5090,#0c5090,#0c5090,#0c5090,#0c5090,#0c5090,#ffffff,#c8e8ff,#ffffff,#c8e8ff,#0c5090,#0c5090,#0c5090,#0c5090,#0c5090,#0c5090,#0c5090,#0c5090,#0c5090,#0c5090,#0c5090
swept_away,r11,#084a88,#084a88,#084a88,#084a88,#084a88,#084a88,#084a88,#084a88,#084a88,#084a88,#084a88,#084a88,#084a88,#084a88,#084a88,#084a88,#084a88,#084a88,#084a88,#084a88,#084a88,#084a88,#ffffff,#c8e8ff,#ffffff,#c8e8ff,#084a88,#084a88,#084a88,#084a88,#084a88,#084a88,#084a88,#084a88,#084a88,#084a88,#084a88,#084a88,#084a88,#084a88,#084a88,#084a88,#084a88,#084a88,#084a88,#084a88,#084a88,#084a88,#084a88,#084a88
swept_away,r12,#ffffff,#c8e8ff,#ffffff,#c8e8ff,#0a4a8a,#0a4a8a,#0a4a8a,#0a4a8a,#0a4a8a,#0a4a8a,#0a4a8a,#0a4a8a,#ffffff,#c8e8ff,#ffffff,#c8e8ff,#ffffff,#0a4a8a,#0a4a8a,#0a4a8a,#0a4a8a,#0a4a8a,#0a4a8a,#0a4a8a,#0a4a8a,#0a4a8a,#0a4a8a,#0a4a8a,#ffffff,#c8e8ff,#ffffff,#c8e8ff,#0a4a8a,#0a4a8a,#0a4a8a,#0a4a8a,#0a4a8a,#0a4a8a,#0a4a8a,#0a4a8a,#0a4a8a,#0a4a8a,#0a4a8a,#0a4a8a,#0a4a8a,#0a4a8a,#0a4a8a,#0a4a8a,#0a4a8a,#0a4a8a
swept_away,r13,#0d5298,#0d5298,#0d5298,#0d5298,#0d5298,#ffffff,#c8e8ff,#ffffff,#c8e8ff,#ffffff,#c8e8ff,#0d5298,#0d5298,#0d5298,#0d5298,#0d5298,#0d5298,#0d5298,#0d5298,#0d5298,#ffffff,#c8e8ff,#ffffff,#c8e8ff,#ffffff,#c8e8ff,#ffffff,#0d5298,#0d5298,#0d5298,#0d5298,#0d5298,#0d5298,#0d5298,#ffffff,#c8e8ff,#ffffff,#c8e8ff,#ffffff,#0d5298,#0d5298,#0d5298,#0d5298,#0d5298,#0d5298,#0d5298,#0d5298,#0d5298,#0d5298,#0d5298
swept_away,r14,#1058a0,#ffffff,#c8e8ff,#ffffff,#1058a0,#1058a0,#1058a0,#ffffff,#c8e8ff,#ffffff,#c8e8ff,#ffffff,#1058a0,#1058a0,#1058a0,#ffffff,#c8e8ff,#ffffff,#c8e8ff,#1058a0,#1058a0,#1058a0,#1058a0,#ffffff,#c8e8ff,#ffffff,#c8e8ff,#ffffff,#c8e8ff,#1058a0,#1058a0,#ffffff,#c8e8ff,#ffffff,#c8e8ff,#1058a0,#1058a0,#ffffff,#c8e8ff,#ffffff,#1058a0,#1058a0,#1058a0,#1058a0,#1058a0,#1058a0,#1058a0,#1058a0,#1058a0,#1058a0
swept_away,r15,,,,,,,,,,,,,,,,,,,,,,,,,,,,,,,,,,,,,,,,,,,,,,,,,,
swept_away,r16,,,,,,,,,,,,,,,,,,,,,,,,,,,,,,,,,,,,,,,,,,,,,,,,,,
swept_away,r17,,,,,,,,,,,,,,,,,,,,,,,,,,,,,,,,,,,,,,,,,,,,,,,,,,
swept_away,r18,,,,,,,,,,,,,,,,,,,,,,,,,,,,,,,,,,,,,,,,,,,,,,,,,,
swept_away,r19,,,,,,,,,,,,,,,,,,,,,,,,,,,,,,,,,,,,,,,,,,,,,,,,,,
treasure_chest,r00,#0e0c0a,#0e0c0a,#0e0c0a,#0c0808,#0c0808,#0c0808,#0c0808,#0c0808,#0c0808,#0c0808,#0c0808,#0c0808,#0c0808,#0c0808,#0c0808,#0c0808,#0c0808,#0c0808,#0c0808,#0c0808,#0c0808,#0c0808,#0c0808,#0c0808,#0c0808,#0c0808,#0c0808,#0c0808,#0c0808,#0c0808,#0c0808,#0c0808,#0c0808,#0c0808,#0c0808,#0c0808,#0c0808,#0e0c0a,#0e0c0a,#0e0c0a,#0c0808,#0c0808,#0c0808,#0c0808,#0c0808,#0c0808,#0c0808,#0c0808,#0c0808,#0c0808
treasure_chest,r01,#0e0c0a,#0e0c0a,#0e0c0a,#0a0606,#0a0606,#0a0606,#0a0606,#0a0606,#0a0606,#0a0606,#0a0606,#0a0606,#0a0606,#0a0606,#0a0606,#0a0606,#0a0606,#0a0606,#0a0606,#0a0606,#0a0606,#0a0606,#0a0606,#0a0606,#0a0606,#0a0606,#0a0606,#0a0606,#0a0606,#0a0606,#0a0606,#0a0606,#0a0606,#0a0606,#0a0606,#0a0606,#0a0606,#0e0c0a,#0e0c0a,#0e0c0a,#0a0606,#0a0606,#0a0606,#0a0606,#0a0606,#0a0606,#0a0606,#0a0606,#0a0606,#0a0606
treasure_chest,r02,#0e0c0a,#0e0c0a,#0e0c0a,#0c0808,#0c0808,#0c0808,#0c0808,#0c0808,#0c0808,#0c0808,#0c0808,#0c0808,#0c0808,#0c0808,#0c0808,#0c0808,#0c0808,#0c0808,#0c0808,#0c0808,#0c0808,#0c0808,#0c0808,#0c0808,#0c0808,#0c0808,#0c0808,#0c0808,#0c0808,#0c0808,#0c0808,#0c0808,#0c0808,#0c0808,#0c0808,#0c0808,#0c0808,#0e0c0a,#0e0c0a,#0e0c0a,#0c0808,#0c0808,#0c0808,#0c0808,#0c0808,#0c0808,#0c0808,#0c0808,#0c0808,#0c0808
treasure_chest,r03,#0e0c0a,#0e0c0a,#0e0c0a,#0a0606,#0a0606,#0a0606,#0a0606,#0a0606,#0a0606,#0a0606,#0a0606,#0a0606,#0a0606,#0a0606,#0a0606,#0a0606,#0a0606,#0a0606,#0a0606,#0a0606,#0a0606,#0a0606,#0a0606,#0a0606,#0a0606,#0a0606,#0a0606,#0a0606,#0a0606,#0a0606,#0a0606,#0a0606,#0a0606,#0a0606,#0a0606,#0a0606,#0a0606,#0e0c0a,#0e0c0a,#0e0c0a,#0a0606,#0a0606,#0a0606,#0a0606,#0a0606,#0a0606,#0a0606,#0a0606,#0a0606,#0a0606
treasure_chest,r04,#0e0c0a,#0e0c0a,#0e0c0a,#0c0808,#0c0808,#0c0808,#0c0808,#0c0808,#0c0808,#0c0808,#0c0808,#0c0808,#0c0808,#0c0808,#0c0808,#0c0808,#0c0808,#0c0808,#0c0808,#0c0808,#0c0808,#0c0808,#0c0808,#0c0808,#0c0808,#0c0808,#0c0808,#0c0808,#0c0808,#0c0808,#0c0808,#0c0808,#0c0808,#0c0808,#0c0808,#0c0808,#0c0808,#0e0c0a,#0e0c0a,#0e0c0a,#0c0808,#0c0808,#0c0808,#0c0808,#0c0808,#0c0808,#0c0808,#0c0808,#0c0808,#0c0808
treasure_chest,r05,#0e0c0a,#0e0c0a,#0e0c0a,#0a0606,#0a0606,#0a0606,#0a0606,#0a0606,#0a0606,#0a0606,#0a0606,#0a0606,#0a0606,#0a0606,#0a0606,#0a0606,#0a0606,#0a0606,#0a0606,#0a0606,#0a0606,#0a0606,#0a0606,#0a0606,#0a0606,#0a0606,#0a0606,#0a0606,#0a0606,#0a0606,#0a0606,#0a0606,#0a0606,#0a0606,#0a0606,#0a0606,#0a0606,#0e0c0a,#0e0c0a,#0e0c0a,#0a0606,#0a0606,#0a0606,#0a0606,#0a0606,#0a0606,#0a0606,#0a0606,#0a0606,#0a0606
treasure_chest,r06,#0e0c0a,#0e0c0a,#0e0c0a,#0c0808,#0c0808,#0c0808,#0c0808,#0c0808,#0c0808,#0c0808,#0c0808,#0c0808,#ffcc00,#ff9900,#ffcc00,#ff9900,#ffcc00,#ff9900,#ffcc00,#ff9900,#ffcc00,#ff9900,#ffcc00,#ff9900,#ffcc00,#ff9900,#ffcc00,#ff9900,#0c0808,#0c0808,#0c0808,#0c0808,#0c0808,#0c0808,#0c0808,#0c0808,#0c0808,#0e0c0a,#0e0c0a,#0e0c0a,#0c0808,#0c0808,#0c0808,#0c0808,#0c0808,#0c0808,#0c0808,#0c0808,#0c0808,#0c0808
treasure_chest,r07,#0e0c0a,#0e0c0a,#0e0c0a,#0a0606,#0a0606,#0a0606,#0a0606,#0a0606,#0a0606,#0a0606,#0a0606,#0a0606,#ffaa00,#0a0606,#6b3010,#ffee55,#ffee55,#ffee55,#ffee55,#2a1800,#2a1800,#ffee55,#ffee55,#ffee55,#ffee55,#6b3010,#0a0606,#ffaa00,#0a0606,#0a0606,#0a0606,#0a0606,#0a0606,#0a0606,#0a0606,#0a0606,#0a0606,#0e0c0a,#0e0c0a,#0e0c0a,#0a0606,#0a0606,#0a0606,#0a0606,#0a0606,#0a0606,#0a0606,#0a0606,#0a0606,#0a0606
treasure_chest,r08,#0e0c0a,#0e0c0a,#0e0c0a,#0c0808,#0c0808,#0c0808,#0c0808,#0c0808,#0c0808,#0c0808,#0c0808,#0c0808,#ffaa00,#0c0808,#6b3010,#ffee55,#2a1800,#ffee55,#2a1800,#ffee55,#2a1800,#ffee55,#2a1800,#ffee55,#2a1800,#6b3010,#0c0808,#ffaa00,#0c0808,#0c0808,#0c0808,#0c0808,#0c0808,#0c0808,#0c0808,#0c0808,#0c0808,#0e0c0a,#0e0c0a,#0e0c0a,#0c0808,#0c0808,#0c0808,#0c0808,#0c0808,#0c0808,#0c0808,#0c0808,#0c0808,#0c0808
treasure_chest,r09,#0e0c0a,#0e0c0a,#0e0c0a,#0a0606,#0a0606,#0a0606,#0a0606,#0a0606,#0a0606,#0a0606,#cc9900,#ffd700,#ffaa00,#ffd700,#6b3010,#6b3010,#6b3010,#6b3010,#6b3010,#d4af37,#b89030,#6b3010,#6b3010,#6b3010,#6b3010,#6b3010,#cc9900,#ffaa00,#cc9900,#ffd700,#0a0606,#0a0606,#0a0606,#0a0606,#0a0606,#0a0606,#0a0606,#0e0c0a,#0e0c0a,#0e0c0a,#0a0606,#0a0606,#0a0606,#0a0606,#0a0606,#0a0606,#0a0606,#0a0606,#0a0606,#0a0606
treasure_chest,r10,#0e0c0a,#0e0c0a,#0e0c0a,#0c0808,#0c0808,#0c0808,#0c0808,#0c0808,#0c0808,#cc9900,#ffd700,#cc9900,#ffaa00,#0c0808,#6b3010,#c8a850,#c8a850,#c8a850,#c8a850,#c8a850,#c8a850,#c8a850,#c8a850,#c8a850,#c8a850,#6b3010,#0c0808,#ffaa00,#ffd700,#cc9900,#ffd700,#0c0808,#0c0808,#0c0808,#0c0808,#0c0808,#0c0808,#0e0c0a,#0e0c0a,#0e0c0a,#0c0808,#0c0808,#0c0808,#0c0808,#0c0808,#0c0808,#0c0808,#0c0808,#0c0808,#0c0808
treasure_chest,r11,#0e0c0a,#0e0c0a,#0e0c0a,#0a0606,#0a0606,#0a0606,#0a0606,#0a0606,#cc9900,#ffd700,#cc9900,#ffd700,#ffaa00,#0a0606,#6b3010,#8b4513,#8b4513,#8b4513,#8b4513,#c8a850,#c8a850,#8b4513,#8b4513,#8b4513,#8b4513,#6b3010,#0a0606,#ffaa00,#cc9900,#ffd700,#cc9900,#ffd700,#0a0606,#0a0606,#0a0606,#0a0606,#0a0606,#0e0c0a,#0e0c0a,#0e0c0a,#0a0606,#0a0606,#0a0606,#0a0606,#0a0606,#0a0606,#0a0606,#0a0606,#0a0606,#0a0606
treasure_chest,r12,#0e0c0a,#0e0c0a,#0e0c0a,#0c0808,#0c0808,#0c0808,#0c0808,#cc9900,#ffd700,#cc9900,#ffd700,#cc9900,#ffaa00,#4a3400,#6b3010,#8b4513,#8b4513,#8b4513,#8b4513,#c8a850,#c8a850,#8b4513,#8b4513,#8b4513,#8b4513,#6b3010,#4a3400,#ffaa00,#ffd700,#cc9900,#ffd700,#cc9900,#ffd700,#0c0808,#0c0808,#0c0808,#0c0808,#0e0c0a,#0e0c0a,#0e0c0a,#0c0808,#0c0808,#0c0808,#0c0808,#0c0808,#0c0808,#0c0808,#0c0808,#0c0808,#0c0808
treasure_chest,r13,#0e0c0a,#0e0c0a,#0e0c0a,#0a0606,#0a0606,#0a0606,#cc9900,#ffd700,#cc9900,#ffd700,#cc9900,#3a2800,#ffaa00,#3a2800,#6b3010,#6b3010,#6b3010,#6b3010,#6b3010,#c8a850,#c8a850,#6b3010,#6b3010,#6b3010,#6b3010,#6b3010,#3a2800,#ffaa00,#3a2800,#ffd700,#cc9900,#ffd700,#cc9900,#ffd700,#0a0606,#0a0606,#0a0606,#0e0c0a,#0e0c0a,#0e0c0a,#0a0606,#0a0606,#0a0606,#0a0606,#0a0606,#0a0606,#0a0606,#0a0606,#0a0606,#0a0606
treasure_chest,r14,#0e0c0a,#0e0c0a,#0e0c0a,#0c0808,#2a1e00,#cc9900,#ffd700,#cc9900,#ffd700,#cc9900,#ffd700,#cc9900,#2a1e00,#2a1e00,#2a1e00,#2a1e00,#2a1e00,#2a1e00,#2a1e00,#2a1e00,#2a1e00,#2a1e00,#2a1e00,#2a1e00,#2a1e00,#2a1e00,#2a1e00,#2a1e00,#2a1e00,#cc9900,#ffd700,#cc9900,#ffd700,#cc9900,#ffd700,#2a1e00,#0c0808,#0e0c0a,#0e0c0a,#0e0c0a,#0c0808,#0c0808,#0c0808,#0c0808,#0c0808,#0c0808,#0c0808,#0c0808,#0c0808,#0c0808
treasure_chest,r15,#0e0c0a,#0e0c0a,#0e0c0a,#0a0606,#0a0606,#0a0606,#0a0606,#0a0606,#0a0606,#0a0606,#0a0606,#0a0606,#0a0606,#0a0606,#0a0606,#0a0606,#0a0606,#0a0606,#0a0606,#0a0606,#0a0606,#0a0606,#0a0606,#0a0606,#0a0606,#0a0606,#0a0606,#0a0606,#0a0606,#0a0606,#0a0606,#0a0606,#0a0606,#0a0606,#0a0606,#0a0606,#0a0606,#0e0c0a,#0e0c0a,#0e0c0a,#0a0606,#0a0606,#0a0606,#0a0606,#0a0606,#0a0606,#0a0606,#0a0606,#0a0606,#0a0606
treasure_chest,r16,#0e0c0a,#0e0c0a,#0e0c0a,#0c0808,#0c0808,#0c0808,#0c0808,#0c0808,#0c0808,#0c0808,#0c0808,#0c0808,#0c0808,#0c0808,#0c0808,#0c0808,#0c0808,#0c0808,#0c0808,#0c0808,#0c0808,#0c0808,#0c0808,#0c0808,#0c0808,#0c0808,#0c0808,#0c0808,#0c0808,#0c0808,#0c0808,#0c0808,#0c0808,#0c0808,#0c0808,#0c0808,#0c0808,#0e0c0a,#0e0c0a,#0e0c0a,#0c0808,#0c0808,#0c0808,#0c0808,#0c0808,#0c0808,#0c0808,#0c0808,#0c0808,#0c0808
treasure_chest,r17,#0e0c0a,#0e0c0a,#0e0c0a,#0a0606,#0a0606,#0a0606,#0a0606,#0a0606,#0a0606,#0a0606,#0a0606,#0a0606,#0a0606,#0a0606,#0a0606,#0a0606,#0a0606,#0a0606,#0a0606,#0a0606,#0a0606,#0a0606,#0a0606,#0a0606,#0a0606,#0a0606,#0a0606,#0a0606,#0a0606,#0a0606,#0a0606,#0a0606,#0a0606,#0a0606,#0a0606,#0a0606,#0a0606,#0e0c0a,#0e0c0a,#0e0c0a,#0a0606,#0a0606,#0a0606,#0a0606,#0a0606,#0a0606,#0a0606,#0a0606,#0a0606,#0a0606
treasure_chest,r18,#0e0c0a,#0e0c0a,#0e0c0a,#0c0808,#0c0808,#0c0808,#0c0808,#0c0808,#0c0808,#0c0808,#0c0808,#0c0808,#0c0808,#0c0808,#0c0808,#0c0808,#0c0808,#0c0808,#0c0808,#0c0808,#0c0808,#0c0808,#0c0808,#0c0808,#0c0808,#0c0808,#0c0808,#0c0808,#0c0808,#0c0808,#0c0808,#0c0808,#0c0808,#0c0808,#0c0808,#0c0808,#0c0808,#0e0c0a,#0e0c0a,#0e0c0a,#0c0808,#0c0808,#0c0808,#0c0808,#0c0808,#0c0808,#0c0808,#0c0808,#0c0808,#0c0808
treasure_chest,r19,#0e0c0a,#0e0c0a,#0e0c0a,#0a0606,#0a0606,#0a0606,#0a0606,#0a0606,#0a0606,#0a0606,#0a0606,#0a0606,#0a0606,#0a0606,#0a0606,#0a0606,#0a0606,#0a0606,#0a0606,#0a0606,#0a0606,#0a0606,#0a0606,#0a0606,#0a0606,#0a0606,#0a0606,#0a0606,#0a0606,#0a0606,#0a0606,#0a0606,#0a0606,#0a0606,#0a0606,#0a0606,#0a0606,#0e0c0a,#0e0c0a,#0e0c0a,#0a0606,#0a0606,#0a0606,#0a0606,#0a0606,#0a0606,#0a0606,#0a0606,#0a0606,#0a0606
